rho,S
1.000000000000000036e-10,5.641510494084273830e+01,-1.215510622601836177e+00,1.347735695959334734e+01,4.610577719233266980e-01,-1.215505556980489121e+00,2.434444357113995494e+01,-7.116203207244460316e+00,-1.072042718933607364e-01,1.347735577550266761e+01,-7.116204411607055746e+00,6.136339127197756760e+00,7.517865146751966376e-01,4.610579936785348387e-01,-1.072042967627813009e-01,7.517865732112192223e-01,4.608758458119107670e-01
1.000000000000000036e-10,5.642763287533040284e+01,-1.316769622773111603e+00,1.352735094146604133e+01,4.747466977439404601e-01,-1.316764361806690875e+00,2.422363046239890139e+01,-7.324480683192491348e+00,-2.840374874034601316e-01,1.352734953536177898e+01,-7.324481934536667183e+00,6.293741050397342107e+00,8.223338779986184566e-01,4.747467869421874709e-01,-2.840375135411776775e-01,8.223339062006728151e-01,4.751913479670541451e-01
1.000000000000000036e-10,5.643996547501059524e+01,-1.395161122515891972e+00,1.357385834032797334e+01,4.910073628371341981e-01,-1.395155793991696314e+00,2.376904613870693339e+01,-7.404185091803162422e+00,-4.383499818842070406e-01,1.357385674419650634e+01,-7.404186359329036904e+00,6.419482543336607172e+00,8.978293193857194154e-01,4.910073152971235477e-01,-4.383500083285882809e-01,8.978293159983860017e-01,4.983225086635993950e-01
1.000000000000000036e-10,5.645157210204516218e+01,-1.449223982196634175e+00,1.361445073763208846e+01,5.085563388518753447e-01,-1.449218717624078057e+00,2.303530269686708465e+01,-7.349410434468539144e+00,-5.528567780827384759e-01,1.361444898869453723e+01,-7.349411686412167910e+00,6.503097728058192750e+00,9.714485426832475401e-01,5.085561537354699180e-01,-5.528568038280735619e-01,9.714485072143996813e-01,5.288482515790827732e-01
1.000000000000000036e-10,5.646203606444257161e+01,-1.480365573839401705e+00,1.364740533136739842e+01,5.260060670477360034e-01,-1.480360505879360966e+00,2.210937361219653496e+01,-7.167796307776240106e+00,-6.132029288844793591e-01,1.364740347120188169e+01,-7.167797512000470661e+00,6.538396870158791785e+00,1.036355461372175935e+00,5.260057469417982468e-01,-6.132029528796791862e-01,1.036355394117445927e+00,5.645250415231446439e-01
1.000000000000000036e-10,5.647109360110741250e+01,-1.492292371193583822e+00,1.367189662677387929e+01,5.420054663102802373e-01,-1.492287631094996625e+00,2.110417256039540845e+01,-6.880483556273040868e+00,-6.097580650668438240e-01,1.367189470024174192e+01,-6.880484680889177973e+00,6.524395017621569259e+00,1.086476610775571006e+00,5.420050172308337189e-01,-6.097580862190027373e-01,1.086476512825778062e+00,6.024788039017642260e-01
1.000000000000000036e-10,5.647865615256000638e+01,-1.490095371932153023e+00,1.368809074469956144e+01,5.553997235768565188e-01,-1.490091086462952852e+00,2.014944838492222345e+01,-6.520830629149136470e+00,-5.392514753027018992e-01,1.368808879865622430e+01,-6.520831643306213010e+00,6.465678347981318019e+00,1.117252441710089750e+00,5.553991548872999617e-01,-5.392514925051442587e-01,1.117252314941279190e+00,6.394775500544356284e-01
1.000000000000000036e-10,5.648481017398174941e+01,-1.479163211205412054e+00,1.369711193983834541e+01,5.653903936551645248e-01,-1.479159498601971823e+00,1.937883920547971428e+01,-6.131618537003704184e+00,-4.060379381516668884e-01,1.369711002164786784e+01,-6.131619411952956789e+00,6.372046568292822677e+00,1.126262268640588093e+00,5.653897178868163564e-01,-4.060379503506978960e-01,1.126262115685135345e+00,6.722642059146791693e-01
1.000000000000000036e-10,5.648979117450506493e+01,-1.464163776726554733e+00,1.370086574066522012e+01,5.716654809545077542e-01,-1.464160741581454817e+00,1.891234418006036577e+01,-5.760479765650956985e+00,-2.225906150535313932e-01,1.370086389660422732e+01,-5.760480476073400524e+00,6.257358788303043262e+00,1.113609962164457956e+00,5.716647135187166162e-01,-2.225906213508077880e-01,1.113609786360328036e+00,6.979209552937664096e-01
1.000000000000000036e-10,5.649393091470949457e+01,-1.447897927011027042e+00,1.370172437169198254e+01,5.745102508288696397e-01,-1.447895654632051610e+00,1.883556384503683034e+01,-5.453643607305552088e+00,-8.812537062773089305e-03,1.370172264539766083e+01,-5.453644132743316497e+00,6.137676745517469001e+00,1.081984170290987146e+00,5.745094096205062284e-01,-8.812536836519394706e-03,1.081983975608137527e+00,7.142176300480905793e-01
1.000000000000000036e-10,5.649759299855387695e+01,-1.431984899439980197e+00,1.370214515336537353e+01,5.746755435612233009e-01,-1.431983450942114988e+00,1.918270003505276833e+01,-5.249389706828346824e+00,2.104068511183409540e-01,1.370214358452210313e+01,-5.249390032833152198e+00,6.029018705737948736e+00,1.036301678197325771e+00,5.746746484516960241e-01,2.104068581439733909e-01,1.036301469131006847e+00,7.199388006770163217e-01
1.000000000000000036e-10,5.650110138569453966e+01,-1.415679202055637909e+00,1.370427416914221119e+01,5.734407052429626450e-01,-1.415678611345473570e+00,1.992698183277877177e+01,-5.172031125780170768e+00,4.085701599589958710e-01,1.370427279256963260e+01,-5.172031244573317643e+00,5.945166174665666325e+00,9.830735591393654493e-01,5.734397775116508722e-01,4.085701736834737030e-01,9.830733405874172437e-01,7.150402386771574914e-01
1.000000000000000036e-10,5.650467538406883250e+01,-1.397366972218642589e+00,1.370961100152089607e+01,5.723106640321149463e-01,-1.397367245871406372e+00,2.098705659078556351e+01,-5.229069608827312976e+00,5.618072076916226232e-01,1.370960984673548033e+01,-5.229069519181609671e+00,5.895947067709641054e+00,9.294907558994722763e-01,5.723097257521918557e-01,5.618072277124325220e-01,9.294905330147265055e-01,7.007194603553078549e-01
1.000000000000000036e-10,5.650838874900340159e+01,-1.375240977525800323e+00,1.371880684548426110e+01,5.728166999381612001e-01,-1.375242097706218081e+00,2.224554813142893295e+01,-5.411290591902948144e+00,6.525602285206786313e-01,1.371880593667524195e+01,-5.411290298297485535e+00,5.886256876704631047e+00,8.824854813029950895e-01,5.728157733762669901e-01,6.525602542743236256e-01,8.824852593400968059e-01,6.792794321924147116e-01
1.000000000000000036e-10,5.651214679972136423e+01,-1.347884184135773156e+00,1.373157981387970672e+01,5.762855356576516153e-01,-1.347886112520196633e+00,2.357039821499015630e+01,-5.696284162999194933e+00,6.710671152646766613e-01,1.373157917010168028e+01,-5.696283674597573565e+00,5.915828290994920025e+00,8.479142187238978279e-01,5.762846427172217956e-01,6.710671461805538529e-01,8.479140028900670201e-01,6.538556884214946630e-01
1.000000000000000036e-10,5.651570680104177313e+01,-1.315790218322562266e+00,1.374676543766993930e+01,5.836005270344607476e-01,-1.315792902850873913e+00,2.484143078223779000e+01,-6.051938641536996677e+00,6.175146355141175603e-01,1.374676507334994646e+01,-6.051937970541859002e+00,5.979156319834204147e+00,8.296897186866468710e-01,5.835996887778781561e-01,6.175146711816426048e-01,8.296895140057335416e-01,6.280292535356003514e-01
1.000000000000000036e-10,5.651863037087115771e+01,-1.279450442049893999e+00,1.376233688847192127e+01,5.951520688957014915e-01,-1.279453819440344642e+00,2.595373234111004379e+01,-6.441285146807349093e+00,4.986643557331785215e-01,1.376233681281044774e+01,-6.441284307979763035e+00,6.067236136818880077e+00,8.300229362331592586e-01,5.951513051315411307e-01,4.986643959351673705e-01,8.300227474410353246e-01,6.053855621962421774e-01
1.000000000000000036e-10,5.652039934270270294e+01,-1.242334029123241645e+00,1.377566678455976401e+01,6.105476381065420011e-01,-1.242338030325785159e+00,2.683503266435784340e+01,-6.825290687888685426e+00,3.297216477474512186e-01,1.377566700177668224e+01,-6.825289697389466781e+00,6.166840819927258188e+00,8.483111990069497343e-01,6.105469670254033421e-01,3.297216924924966097e-01,8.483110304514395184e-01,5.891425212643834897e-01
1.000000000000000036e-10,5.652041793124982405e+01,-1.208850742860529071e+00,1.378374797419312259e+01,6.286841383924592908e-01,-1.208855293766651018e+00,2.743858001212047526e+01,-7.166207713234851617e+00,1.307311345449243545e-01,1.378374848253363183e+01,-7.166206588706884872e+00,6.262945026292418227e+00,8.817483731280403303e-01,6.286835762472142708e-01,1.307311839477311166e-01,8.817482287037221589e-01,5.817480915632283756e-01
1.000000000000000036e-10,5.651811692345290794e+01,-1.184670991699902309e+00,1.378361788768032525e+01,6.477012643293413863e-01,-1.184676012494112252e+00,2.774363453005798874e+01,-7.430197399209469644e+00,-7.422633019177349301e-02,1.378361867838904686e+01,-7.430196160191351318e+00,6.340189759933218205e+00,9.253752308736910015e-01,6.477008251109421799e-01,-7.422627610274649956e-02,9.253751139662427239e-01,5.846292261011577507e-01
1.000000000000000036e-10,5.651307413627939980e+01,-1.175958895749062094e+00,1.377293185165152778e+01,6.650886153409401036e-01,-1.175964297657410063e+00,2.775543833044347508e+01,-7.591093058918068515e+00,-2.588854664978363918e-01,1.377293290790509062e+01,-7.591091727825578950e+00,6.385493908402240848e+00,9.726866528569457770e-01,6.650883104523709344e-01,-2.588854080452361872e-01,9.726865662994462758e-01,5.980278190243256686e-01
1.000000000000000036e-10,5.650515621337561356e+01,-1.187980571358966841e+00,1.375064073955130972e+01,6.779381975639554581e-01,-1.187986251280345629e+00,2.751012167774001682e+01,-7.635511810187128212e+00,-3.975460785866643532e-01,1.375064203581503897e+01,-7.635510413630538729e+00,6.391142975533065318e+00,1.016657067335910991e+00,6.779380355049597906e-01,-3.975460167267055311e-01,1.016657013371888185e+00,6.209714238193095870e-01
1.000000000000000036e-10,5.649464212169346666e+01,-1.222937069165431989e+00,1.371759125349661268e+01,6.833849411399648410e-01,-1.222942904183408563e+00,2.708319903591238997e+01,-7.568606344589185575e+00,-4.695460074842444098e-01,1.371759275585571203e+01,-7.568604914422651042e+00,6.357577771162351787e+00,1.051166365048121776e+00,6.833849272344936221e-01,-4.695459439987973993e-01,1.051166345294094695e+00,6.513900609450925527e-01
1.000000000000000036e-10,5.648226859371990827e+01,-1.277655619667312115e+00,1.367676111007266826e+01,6.792121326593525410e-01,-1.277661465580251843e+00,2.659125050721824479e+01,-7.417488440939277616e+00,-4.654300368700940438e-01,1.367676277800466345e+01,-7.417487014011965307e+00,6.294572258251267982e+00,1.072569635620742590e+00,6.792122688602222347e-01,-4.654299743142557566e-01,1.072569651017794667e+00,6.863798947837679298e-01
1.000000000000000036e-10,5.646913849368489480e+01,-1.339333744982707186e+00,1.363285072331702530e+01,6.646140386370497088e-01,-1.339339443703265076e+00,2.616451857687215465e+01,-7.228927244036980504e+00,-3.950751060581254026e-01,1.363285251297969047e+01,-7.228925859543796406e+00,6.219584850770584872e+00,1.080947473652630109e+00,6.646143234452319692e-01,-3.950750473181022793e-01,1.080947524399131554e+00,7.226177649871098341e-01
1.000000000000000036e-10,5.645648506033073488e+01,-1.389116941443057529e+00,1.359120285277987072e+01,6.406200118618764483e-01,-1.389122339261092964e+00,2.588970622062806015e+01,-7.054062512580800970e+00,-2.869709203342423187e-01,1.359120472120187095e+01,-7.054061207075226214e+00,6.153198104749742825e+00,1.080382963668993224e+00,6.406204403833826166e-01,-2.869708678656319178e-01,1.080383049148659902e+00,7.570612004643725301e-01
1.000000000000000036e-10,5.644540199338338482e+01,-1.409989578032822877e+00,1.355654882115562643e+01,6.097844537761487604e-01,-1.409994543705636261e+00,2.577496078901795684e+01,-6.924764642200683440e+00,-1.730305764687615488e-01,1.355655073014957956e+01,-6.924763445371850956e+00,6.113700938910293203e+00,1.077809120498036233e+00,6.097850179305763785e-01,-1.730305316606169375e-01,1.077809239244842177e+00,7.875029837916619480e-01
1.000000000000000036e-10,5.643665111956211433e+01,-1.389037311218791482e+00,1.353213888440475543e+01,5.757660425043068519e-01,-1.389041744688041646e+00,2.576401818127371257e+01,-6.846964189758788066e+00,-7.909384867837437882e-02,1.353214080311532896e+01,-6.846963122894107912e+00,6.113472734846017609e+00,1.081193162630083249e+00,5.757667313707901524e-01,-7.909381159454603738e-02,1.081193312348989632e+00,8.127665651916484713e-01
1.000000000000000036e-10,5.643059908249261980e+01,-1.319890486106243488e+00,1.351947123383268234e+01,5.425445383223427287e-01,-1.319894325441382410e+00,2.576652283838198088e+01,-6.815330654397512511e+00,-2.895456396376763775e-02,1.351947313939539441e+01,-6.815329729379582702e+00,6.157916322736638470e+00,1.097777471590926535e+00,5.425453386580648685e-01,-2.895453343395004014e-02,1.097777649264501054e+00,8.329677204178914662e-01
1.000000000000000036e-10,5.642724463941854651e+01,-1.202202458198511792e+00,1.351842208426911363e+01,5.139184146150832522e-01,-1.202205678226024643e+00,2.568331660346936829e+01,-6.815227914862971303e+00,-3.723919573949072831e-02,1.351842396059642759e+01,-6.815227135051101115e+00,6.245972791212836661e+00,1.132867735443802593e+00,5.139193116886369150e-01,-3.723916974515402434e-02,1.132867937546021331e+00,8.498332220045163865e-01
1.000000000000000036e-10,5.642631328594803364e+01,-1.042285577968159682e+00,1.352762102335281291e+01,4.927794598872051735e-01,-1.042288175090602120e+00,2.545260278977439228e+01,-6.821568596363309922e+00,-9.926309860224093173e-02,1.352762285859034996e+01,-6.821567960653550422e+00,6.371247044201571619e+00,1.188767041435851546e+00,4.927804382090375523e-01,-9.926307489254257432e-02,1.188767264149953595e+00,8.660086547244513211e-01
1.000000000000000036e-10,5.642735140092619872e+01,-8.498300767115904986e-01,1.354479218709228761e+01,4.808911086757667319e-01,-8.498320572388362582e-01,2.505332868016913395e+01,-6.809622974910620741e+00,-2.006440867483580692e-01,1.354479397054459078e+01,-6.809622480666654099e+00,6.522799858968400422e+00,1.264539049780684543e+00,4.808921524566664996e-01,-2.006440633152586084e-01,1.264539289156629165e+00,8.841903197310579943e-01
1.000000000000000036e-10,5.642978109890940885e+01,-6.358213311625467989e-01,1.356686272763350942e+01,4.788462088042435560e-01,-6.358227025484318728e-01,2.449278507320207154e+01,-6.756460356482862473e+00,-3.221196055966040750e-01,1.356686444657681001e+01,-6.756460001659545966e+00,6.684605544370341157e+00,1.355961202271401156e+00,4.788473021203726865e-01,-3.221195809936565624e-01,1.355961454310573799e+00,9.064682963371213376e-01
1.000000000000000036e-10,5.643291472582089341e+01,-4.114583031716079753e-01,1.358996775546842350e+01,4.861307596897187500e-01,-4.114590702726769744e-01,2.379354838651349979e+01,-6.642402345520885376e+00,-4.441791387713757699e-01,1.358996939256520697e+01,-6.642402129558462320e+00,6.835162708834223722e+00,1.455767644302678354e+00,4.861318864001759055e-01,-4.441791122836454830e-01,1.455767904977732563e+00,9.338829906365468947e-01
1.000000000000000036e-10,5.643595367605021806e+01,-1.878910580987177836e-01,1.360962299153170285e+01,5.013663433092468980e-01,-1.878912225172946482e-01,2.298655899333810027e+01,-6.451990174436179615e+00,-5.491419629467295671e-01,1.360962452393989963e+01,-6.451990098392076156e+00,6.949507269812081667e+00,1.554597026523118597e+00,5.013674868594895084e-01,-5.491419346575551197e-01,1.554597291758712529e+00,9.662339144256305579e-01
1.000000000000000036e-10,5.643803391583816875e+01,2.034653551236877481e-02,1.362054987358702718e+01,5.220112613916020328e-01,2.034697839357164223e-02,2.211075613076640778e+01,-6.171950378529858838e+00,-6.185602675614161328e-01,1.362055127102142471e+01,-6.171950445857601331e+00,6.995803049599772727e+00,1.639462380991575374e+00,5.220124045761455056e-01,-6.185602384446344804e-01,1.639462646653932154e+00,1.002025976995022827e+00
1.000000000000000036e-10,5.643830919992554129e+01,1.950124516843460831e-01,1.361759084078739335e+01,5.447389399471566085e-01,1.950135129857500094e-01,2.121530011261553739e+01,-5.797072770749845283e+00,-6.352259644077385969e-01,1.361759206638743080e+01,-5.797072987245665665e+00,6.943065320541883523e+00,1.695852618214821472e+00,5.447400647558232611e-01,-6.352259363197999553e-01,1.695852880101782034e+00,1.038553644874701476e+00
1.000000000000000036e-10,5.643612973046825942e+01,3.114982114312209727e-01,1.359669115362382463e+01,5.654659287775396503e-01,3.114999125861213636e-01,2.036586009351977822e+01,-5.330861627423958637e+00,-5.796801178441771674e-01,1.359669216560058480e+01,-5.330862001829731689e+00,6.766560488436769383e+00,1.708617593249165401e+00,5.654670164271160537e-01,-5.796800934864170252e-01,1.708617847118941047e+00,1.072221579744920827e+00
1.000000000000000036e-10,5.643129992317417276e+01,3.369012322123198788e-01,1.355646814515733212e+01,5.795790512650144111e-01,3.369036109797454714e-01,1.966378578518190423e+01,-4.789725622723267406e+00,-4.269426658763003646e-01,1.355646890003230176e+01,-4.789726167499207321e+00,6.457303078436154031e+00,1.664233959118540218e+00,5.795800824577157506e-01,-4.269426486485644601e-01,1.664234200745278391e+00,1.099006998580648986e+00
1.000000000000000036e-10,5.642436953552329726e+01,2.291171896916613104e-01,1.349994491675698960e+01,5.822729837068596481e-01,2.291203053008173396e-01,1.929465759606107511e+01,-4.214008811121451537e+00,-1.446888458420107493e-01,1.349994537431250841e+01,-4.214009542565531952e+00,6.032316966985846740e+00,1.553886020040315730e+00,5.822739391222147010e-01,-1.446888394716206727e-01,1.553886245276453915e+00,1.115020422478848916e+00
1.000000000000000036e-10,5.641683818685680762e+01,-6.024836698216620712e-02,1.343576181463425812e+01,5.691082309845252318e-01,-6.024443829120346844e-02,1.961957695339103935e+01,-3.691458758874543999e+00,3.000989234198079836e-01,1.343576194441785709e+01,-3.691459694623089316e+00,5.541731952952960505e+00,1.377083843704851596e+00,5.691090919158094952e-01,3.000989156711520445e-01,1.377084048508341541e+00,1.116953587109327239e+00
1.000000000000000036e-10,5.641106810444822628e+01,-5.647029103384288984e-01,1.337771390988700659e+01,5.368759593657618234e-01,-5.646981030777529220e-01,2.124702011037134497e+01,-3.380919171061322892e+00,9.151445713550016015e-01,1.337771369831048140e+01,-3.380920322353940133e+00,5.066263821379298982e+00,1.145158233661291325e+00,5.368767082857747175e-01,9.151445481970299500e-01,1.145158414039661121e+00,1.102118116506613621e+00
1.000000000000000036e-10,5.640968127195079518e+01,-1.257576408287322645e+00,1.334131731289520495e+01,4.857152164415709517e-01,-1.257570740750259874e+00,2.474214253287871301e+01,-3.505384139048004055e+00,1.609839067549961866e+00,1.334131676826345192e+01,-3.505385494123639756e+00,4.697608586105507023e+00,8.832377381818459217e-01,4.857158371866606705e-01,1.609839031644181295e+00,8.832378900488827567e-01,1.068141826614266154e+00
1.000000000000000036e-10,5.641446937730501787e+01,-2.034165418387657631e+00,1.333767206837818797e+01,4.210640413942927651e-01,-2.034159034354516837e+00,2.989151047476724443e+01,-4.195086984715246103e+00,2.197812837225579852e+00,1.333767122007795969e+01,-4.195088502338879088e+00,4.503880971596367466e+00,6.277847531592413155e-01,4.210645192899458156e-01,2.197812795346557380e+00,6.277848723302711376e-01,1.014070983824643113e+00
1.000000000000000036e-10,5.642563218241851075e+01,-2.770302711380426164e+00,1.336895363936592140e+01,3.519811431141237623e-01,-2.770295830061948017e+00,3.563338356049707301e+01,-5.352856641571237972e+00,2.514281458032981753e+00,1.336895253016009733e+01,-5.352858266119347341e+00,4.503070501209107235e+00,4.174932558352197343e-01,3.519814653915540603e-01,2.514281418465042606e+00,4.174933382967807582e-01,9.422668175500470422e-01
1.000000000000000036e-10,5.644197578508632063e+01,-3.353723654287941169e+00,1.342928176838665344e+01,2.890912987852397587e-01,-3.353716501418457785e+00,4.073822906883654582e+01,-6.727957713832667608e+00,2.483105875270501972e+00,1.342928044329144299e+01,-6.727959392583830578e+00,4.666641627450570873e+00,2.829238475187614288e-01,2.890914551580675562e-01,2.483105844871953405e+00,2.829238898503220745e-01,8.593642516610094928e-01
1.000000000000000036e-10,5.646187791660381805e+01,-3.735633364538943901e+00,1.350990590523336365e+01,2.408678929708177319e-01,-3.735626126961877347e+00,4.448189819966216163e+01,-8.083257699922697270e+00,2.122804528258853463e+00,1.350990440166546236e+01,-8.083259392214458217e+00,4.947399359357506299e+00,2.402216308022135649e-01,2.408678765106143094e-01,2.122804510724891625e+00,2.402216305960854503e-01,7.765314596111839718e-01
1.000000000000000036e-10,5.648424602186182852e+01,-3.918901806855956682e+00,1.360443705426686911e+01,2.129549203576135141e-01,-3.918894621266116651e+00,4.665942951109704495e+01,-9.287502445950348573e+00,1.497467326404952503e+00,1.360443539612491826e+01,-9.287504123922641242e+00,5.308073265921720463e+00,2.920767925876213145e-01,2.129547278023092016e-01,1.497467322121112110e+00,2.920767486108348243e-01,7.071642568960128106e-01
1.000000000000000036e-10,5.650892581852792063e+01,-3.939181231069134981e+00,1.371122705344337156e+01,2.086532761780059142e-01,-3.939174182232402455e+00,4.739520758222484176e+01,-1.032002860079632711e+01,6.779803251196838687e-01,1.371122524944789411e+01,-1.032003024868189733e+01,5.735154282226893940e+00,4.334670610567826765e-01,2.086529073908857668e-01,6.779803318918310451e-01,4.334669731081155497e-01,6.645779018324939891e-01
1.000000000000000036e-10,5.653661844923431801e+01,-3.851021777366583798e+00,1.383307487441817507e+01,2.296827041490130117e-01,-3.851014905542928357e+00,4.708078025560998725e+01,-1.123214304064479663e+01,-2.598697985409751388e-01,1.383307291979984299e+01,-1.123214465244390325e+01,6.238206481372471579e+00,6.581619575756643137e-01,2.296821608435138662e-01,-2.598697843740386815e-01,6.581618261127187841e-01,6.601122162559955875e-01
1.000000000000000036e-10,5.656855027679696235e+01,-3.705613136464400714e+00,1.397556784106741645e+01,2.770950097787143740e-01,-3.705606460039151173e+00,4.612643293372158126e+01,-1.209130352109387729e+01,-1.249049538259524139e+00,1.397556572131618147e+01,-1.209130509517522079e+01,6.841651603838866613e+00,9.630688866115089120e-01,2.770942943016023174e-01,-1.249049520840920469e+00,9.630687123951964246e-01,7.018026611999683695e-01
1.000000000000000036e-10,5.660606321743900082e+01,-3.535497758665844703e+00,1.414501425705630311e+01,3.519565527764564328e-01,-3.535491292425184895e+00,4.476721562481463224e+01,-1.294171934616188402e+01,-2.244499054745452860e+00,1.414501195267000178e+01,-1.294172088134491894e+01,7.574452465659551770e+00,1.349292723677036676e+00,3.519556674032408017e-01,-2.244499038182430350e+00,1.349292507573507161e+00,7.949671746162439989e-01
1.000000000000000036e-10,5.665011460872277382e+01,-3.353040913258108713e+00,1.434589344665574906e+01,4.551812898589372991e-01,-3.353034681684978313e+00,4.306450412882666257e+01,-1.377897459097463262e+01,-3.210848036902068880e+00,1.434589093884544653e+01,-1.377897608369240601e+01,8.457190792571253724e+00,1.819458140194035733e+00,4.551802366977127923e-01,-3.210848025053135490e+00,1.819457883150235711e+00,9.430276240032172685e-01
1.000000000000000036e-10,5.670083290526041964e+01,-3.154114909933887656e+00,1.457869537903500046e+01,5.869859258558237647e-01,-3.154108952783529318e+00,4.096871829877010640e+01,-1.454605819099915998e+01,-4.112756425168601737e+00,1.457869265476558596e+01,-1.454605963403319713e+01,9.491693290361313373e+00,2.373922814762249978e+00,5.869847073198114495e-01,-4.112756421545253005e+00,2.373922517932443466e+00,1.147532532479516920e+00
1.000000000000000036e-10,5.675686804929830487e+01,-2.923959420549120392e+00,1.483662641957617900e+01,7.456220785834022369e-01,-2.923953793240188670e+00,3.839150550119738625e+01,-1.513538203808754012e+01,-4.907353055737037728e+00,1.483662347717815599e+01,-1.513538342018902583e+01,1.064434959185991225e+01,3.003865474530503565e+00,7.456206982649550286e-01,-4.907353063334712218e+00,3.003865139488540059e+00,1.407183061918720002e+00
1.000000000000000036e-10,5.681451382281814944e+01,-2.643426354925694888e+00,1.510119568753651009e+01,9.255451903930481672e-01,-2.643421125717191789e+00,3.526615539394019549e+01,-1.539675298471299492e+01,-5.541286692347069831e+00,1.510119254340201422e+01,-1.539675429055699674e+01,1.182399858296501094e+01,3.682183582647391873e+00,9.255436542895295604e-01,-5.541286713296377009e+00,3.682183211645937426e+00,1.715681138389497651e+00
1.000000000000000036e-10,5.686748220671898224e+01,-2.299346533072489596e+00,1.534119677017906547e+01,1.116312832646169095e+00,-2.299341775857842496e+00,3.161497751779850418e+01,-1.517704769148616784e+01,-5.958492378875342332e+00,1.534119346369480397e+01,-1.517704890233727255e+01,1.287751352738461463e+01,4.358502963106523964e+00,1.116311150500520766e+00,-5.958492413923436537e+00,4.358502559311047797e+00,2.059631867471489741e+00
1.000000000000000036e-10,5.690713844750693085e+01,-1.894142345528447624e+00,1.551395755339310512e+01,1.302137747798382206e+00,-1.894138133912753652e+00,2.756114307104045480e+01,-1.435857630718095734e+01,-6.110320760318955990e+00,1.551395415137947253e+01,-1.435857740109766034e+01,1.359661842120572928e+01,4.957646385016221124e+00,1.302135934308974452e+00,-6.110320808168554052e+00,4.957645952635562736e+00,2.417797171525996713e+00
1.000000000000000036e-10,5.692398588285953309e+01,-1.448312276590188796e+00,1.557293864619642143e+01,1.463460676392134507e+00,-1.448308693430057525e+00,2.323272253504991625e+01,-1.286771745238707609e+01,-5.949865112713768944e+00,1.557293524538016527e+01,-1.286771840086770879e+01,1.375711395793551617e+01,5.388371189995117660e+00,1.463458752030477150e+00,-5.949865169235657447e+00,5.388370734252431404e+00,2.763597320042791683e+00
1.000000000000000036e-10,5.691025118753495349e+01,-9.976271789037671756e-01,1.548091981448592769e+01,1.580449415756928655e+00,-9.976243460688744014e-01,1.867914471845226743e+01,-1.066150976221888591e+01,-5.408618935855515453e+00,1.548091654074406520e+01,-1.066151052277108313e+01,1.318672078257173119e+01,5.562080018790866554e+00,1.580447406931946297e+00,-5.408618993173878842e+00,5.562079545706252404e+00,3.071483835369751780e+00
1.000000000000000036e-10,5.686275435568725811e+01,-5.819317161532039373e-01,1.522472489646383664e+01,1.636999396823243913e+00,-5.819298582605126890e-01,1.387375870180476767e+01,-7.686550132340759234e+00,-4.332199633541979900e+00,1.522472189876058479e+01,-7.686550634497487877e+00,1.184144512615800338e+01,5.414954062158713555e+00,1.636997335137472698e+00,-4.332199678934483877e+00,5.414953578160872638e+00,3.325075889047828248e+00
1.000000000000000036e-10,5.678487980588354134e+01,-2.405445438879765252e-01,1.482561488321359100e+01,1.622962376084298386e+00,-2.405440793767028851e-01,9.252801869534575729e+00,-3.925773905390148588e+00,-2.395191386379097676e+00,1.482561231886587727e+01,-3.925774033049842515e+00,9.860886324980931761e+00,4.922732396316050973e+00,1.622960296629027299e+00,-2.395191401412904764e+00,4.922731907822746500e+00,3.521349673044293915e+00
1.000000000000000036e-10,5.668700504992126810e+01,-2.552814573205297068e-03,1.434192112166308597e+01,1.533005600387761458e+00,-2.554399176317508936e-03,7.616053172258445692e+00,2.730049373718297923e-01,8.870018269119375187e-01,1.434191912854807072e+01,2.730053468219627577e-01,7.582049200223715424e+00,4.104373434474782201e+00,1.533003539664728354e+00,8.870018633108733841e-01,4.104372947781221193e+00,3.662379403967783720e+00
1.000000000000000036e-10,5.658480694088736840e+01,-7.859373992000354484e-03,1.385955366196867367e+01,1.369077595623634735e+00,-7.863481097055853228e-03,1.528435019751353074e+01,3.304145034301636308e+00,5.325562931244870235e+00,1.385955232134946513e+01,3.304146078953993371e+00,5.478350736880267746e+00,3.025791755548121742e+00,1.369075591170126671e+00,5.325563029420744776e+00,3.025791277756425313e+00,3.729953297730084216e+00
1.000000000000000036e-10,5.649457657900897800e+01,-3.878414094121070410e-01,1.346401748058258008e+01,1.147508394475249327e+00,-3.878479472327217570e-01,3.474565583462874230e+01,3.500305487038051666e+00,9.816073367961145379e+00,1.346401679198795698e+01,3.500307115952807635e+00,3.984973052539212190e+00,1.818947559627043020e+00,1.147506485009625044e+00,9.816073517626893619e+00,1.818947099642300058e+00,3.674983912178079848e+00
1.000000000000000036e-10,5.642715107157530952e+01,-1.049453875915009160e+00,1.320356367596469127e+01,9.002105336502255195e-01,-1.049462315194521045e+00,5.994816476656255588e+01,9.183273262785396351e-01,1.311390069988874707e+01,1.320356356363179273e+01,9.183293894366273413e-01,3.279784682444115251e+00,6.778774380105201391e-01,9.002087604209888516e-01,1.311390087586699771e+01,6.778770068500057366e-01,3.440403850666003738e+00
1.000000000000000036e-10,5.638436263978189800e+01,-1.718906931597908638e+00,1.307167569723497280e+01,6.656462388308148626e-01,-1.718916643717883552e+00,8.254846529009169842e+01,-2.934755790838841971e+00,1.457362061441211232e+01,1.307167604184500043e+01,-2.934753451063380147e+00,3.213890237566022545e+00,-2.081239096016454238e-01,6.656446441734070740e-01,1.457362078947007866e+01,-2.081242999867497223e-01,3.015064865270193017e+00
1.000000000000000036e-10,5.636119034830739594e+01,-2.170474739366186512e+00,1.302676024123388565e+01,4.709666114333753151e-01,-2.170485218859059540e+00,9.858195007231547891e+01,-6.554061204643628180e+00,1.430323664894930324e+01,1.302676091582764428e+01,-6.554058703148362142e+00,3.475123772441230940e+00,-7.453123043126504976e-01,4.709652335123925004e-01,1.430323680338593739e+01,-7.453126431691914355e-01,2.457121566493152276e+00
1.000000000000000036e-10,5.635098506670670560e+01,-2.337675944469294276e+00,1.302634416664212402e+01,3.249230512452068176e-01,-2.337686796734812500e+00,1.070870030441386547e+02,-9.191301270417527647e+00,1.270422627194693277e+01,1.302634506293739136e+01,-9.191298690699351681e+00,3.803940732055668850e+00,-9.568959095631842660e-01,3.249219191180217625e-01,1.270422639596238312e+01,-9.568961889263649656e-01,1.860751998550100428e+00
1.000000000000000036e-10,5.634890249033420417e+01,-2.282856969488313847e+00,1.304536018291517507e+01,2.229995025077123605e-01,-2.282867894899055727e+00,1.088755440302792010e+02,-1.077504772185190696e+01,1.027940753200346435e+01,1.304536122527547093e+01,-1.077504512599826647e+01,4.081952893105113667e+00,-9.326962848896414027e-01,2.229986329968008663e-01,1.027940762458230672e+01,-9.326965003161823420e-01,1.315138482501630124e+00
1.000000000000000036e-10,5.635250523034882519e+01,-2.115692076585677039e+00,1.307577773159086298e+01,1.559528769796926784e-01,-2.115702922266364805e+00,1.069442589324178812e+02,-1.167262460720279726e+01,7.534245114145494249e+00,1.307577888065227789e+01,-1.167262202542303484e+01,4.303511599750385663e+00,-7.657859783233041950e-01,1.559522766340065980e-01,7.534245179806649872e+00,-7.657861281902382800e-01,8.761561609248099680e-01
1.000000000000000036e-10,5.636106416747460202e+01,-1.936803797853326348e+00,1.311969110199362021e+01,1.164704165789138685e-01,-1.936814530020246394e+00,1.040071135424204698e+02,-1.235405909412426162e+01,4.760335220840456572e+00,1.311969235189138949e+01,-1.235405653074892740e+01,4.519283314462857248e+00,-5.166574816476789955e-01,1.164700863924875707e-01,4.760335266120562459e+00,-5.166575657860533743e-01,5.670265033661285869e-01
1.000000000000000036e-10,5.637492390872159120e+01,-1.818828772848803066e+00,1.318437692381924364e+01,1.019024207647438590e-01,-1.818839425887021743e+00,1.016509571623694654e+02,-1.321785973269473935e+01,2.049803797414085693e+00,1.318437829678111939e+01,-1.321785717706244156e+01,4.801845875776684203e+00,-2.063827088113068253e-01,1.019023603068133915e-01,2.049803828891732405e+00,-2.063827273718001620e-01,3.932950565777038054e-01
1.000000000000000036e-10,5.639532845147611795e+01,-1.808105963824314433e+00,1.328092527695191905e+01,1.146044472683290516e-01,-1.808116602301701237e+00,1.006435431738765800e+02,-1.457070353492830783e+01,-6.196112195377757592e-01,1.328092681730683466e+01,-1.457070096930644354e+01,5.236994560786143893e+00,1.782319200440401208e-01,1.146046573982145711e-01,-6.196111958624535010e-01,1.782319672919354392e-01,3.555616683067107098e-01
1.000000000000000036e-10,5.642460019472800070e+01,-1.933016264091747871e+00,1.342522063642421237e+01,1.615922756590635612e-01,-1.933026954037248668e+00,1.012101503593077609e+02,-1.664733537529610174e+01,-3.325645034028137825e+00,1.342522240468263561e+01,-1.664733278089834911e+01,5.929875363354647710e+00,6.782976056710515733e-01,1.615927599681180327e-01,-3.325645012585222382e+00,6.782977196635853190e-01,4.575006689994031150e-01
1.000000000000000036e-10,5.646606064445229833e+01,-2.206024723014170519e+00,1.363823357607771136e+01,2.539364453453917259e-01,-2.206035507324040967e+00,1.031513608676839340e+02,-1.961091170120434413e+01,-6.161288591667899439e+00,1.363823564181549663e+01,-1.961090906354523966e+01,7.011079128862558463e+00,1.357351315491359234e+00,2.539372105959910586e-01,-6.161288566819696833e+00,1.357351497899015547e+00,7.107484216913352304e-01
1.000000000000000036e-10,5.652502440195318201e+01,-2.636071387864640680e+00,1.395011338582696325e+01,4.070131552708353140e-01,-2.636082272428917239e+00,1.060019052709759819e+02,-2.357362024601453143e+01,-9.212619385184392939e+00,1.395011582254374360e+01,-2.357361755771444578e+01,8.651562903229981671e+00,2.301182534313431116e+00,4.070142110709368266e-01,-9.212619350723956657e+00,2.301182787363300619e+00,1.138224424434259863e+00
1.000000000000000036e-10,5.660694180458202140e+01,-3.204524860946019071e+00,1.439217220864457403e+01,6.383977621996879126e-01,-3.204535798203439256e+00,1.088768015001721352e+02,-2.848486246779491537e+01,-1.251697938004442534e+01,1.439217508260651535e+01,-2.848485973263639082e+01,1.103104626243702846e+01,3.606460249607088109e+00,6.383991198928706812e-01,-1.251697932882228592e+01,3.606460575675670466e+00,1.774785727095793852e+00
1.000000000000000036e-10,5.671653450633777993e+01,-3.866667854127732618e+00,1.499061771852785796e+01,9.648059317822130776e-01,-3.866678745721536803e+00,1.106823824157981164e+02,-3.408420145772441856e+01,-1.603251948911557889e+01,1.499062107854965120e+01,-3.408419869070266373e+01,1.429498208971562789e+01,5.364064763204193120e+00,9.648076024760884328e-01,-1.603251941320197460e+01,5.364065164226802018e+00,2.662718381669626488e+00
1.000000000000000036e-10,5.685361267536011809e+01,-4.541524378344192314e+00,1.574368110426014056e+01,1.393360527990995523e+00,-4.541535100399922698e+00,1.104633209583139575e+02,-3.982798769079234091e+01,-1.961375069715717245e+01,1.574368496832590303e+01,-3.982798491406406782e+01,1.842953312119802689e+01,7.611569487670796441e+00,1.393362519769698826e+00,-1.961375058873218435e+01,7.611569964414028000e+00,3.835839460203988249e+00
1.000000000000000036e-10,5.700705603945355193e+01,-5.098038815922789624e+00,1.658802003714410489e+01,1.907034740519459204e+00,-5.098049239166651425e+00,1.073876939089698084e+02,-4.481011247564657651e+01,-2.296869108252402825e+01,1.658802437794615514e+01,-4.481010971704699841e+01,2.307403447312937317e+01,1.025324449174193298e+01,1.907037055088125044e+00,-2.296869093547591945e+01,1.025324504307337214e+01,5.288016462992604083e+00
1.000000000000000036e-10,5.714975135450445975e+01,-5.379116615025512971e+00,1.737076031744855698e+01,2.449162034927375498e+00,-5.379126626716323578e+00,1.011107854496352303e+02,-4.789443401696036773e+01,-2.569077821469882039e+01,1.737076504844880276e+01,-4.789443130916435365e+01,2.736662898295429258e+01,1.297570028996496738e+01,2.449164663535328135e+00,-2.569077802688537915e+01,1.297570091215651900e+01,6.933542297756961403e+00
1.000000000000000036e-10,5.724218674052213629e+01,-5.300568976021614809e+00,1.787033062054124244e+01,2.926610991279360530e+00,-5.300578518852587351e+00,9.262455058903942984e+01,-4.827676139797988242e+01,-2.751282133178029810e+01,1.787033558478162121e+01,-4.827675877333939525e+01,3.006491053235756539e+01,1.526824159111217583e+01,2.926613911990298966e+00,-2.751282110740822873e+01,1.526824227769878384e+01,8.611284356096128079e+00
1.000000000000000036e-10,5.724959905833473073e+01,-4.860197053945272572e+00,1.789308709951265186e+01,3.246326399171263422e+00,-4.860206054399755615e+00,8.251162366586338237e+01,-4.553367245082600334e+01,-2.830421089068732954e+01,1.789309206368470484e+01,-4.553366996061338057e+01,3.009038625441429815e+01,1.662960774187917323e+01,3.246329576204899148e+00,-2.830421064284370303e+01,1.662960848419187698e+01,1.018062523245978745e+01
1.000000000000000036e-10,5.716198014597790689e+01,-4.097059317497334874e+00,1.738514701034794641e+01,3.363882504408577834e+00,-4.097067503871038241e+00,6.930237737784685237e+01,-3.932460595565088823e+01,-2.782111886380659271e+01,1.738515166800503664e+01,-3.932460371179193004e+01,2.715366364258628451e+01,1.684076092134971248e+01,3.363885889902515913e+00,-2.782111861834432887e+01,1.684076170964655006e+01,1.168826587677591711e+01
1.000000000000000036e-10,5.699806217586787938e+01,-2.851130033807129038e+00,1.645380523951475027e+01,3.293205865408036725e+00,-2.851136445159589083e+00,4.569112626649017983e+01,-2.801041061198876747e+01,-2.419198410063672355e+01,1.645380923337018331e+01,-2.801040889470742101e+01,2.186955140569751421e+01,1.602394762083989121e+01,3.293209403587795681e+00,-2.419198390351620631e+01,1.602394844574852684e+01,1.352817976772592168e+01
1.000000000000000036e-10,5.679153033307918719e+01,-9.857967100374650515e-01,1.529015384253277610e+01,3.053971176715129410e+00,-9.857995148887362946e-01,1.152611691065272659e+01,-1.061575292723557240e+01,-1.264594532426024109e+01,1.529015682561427880e+01,-1.061575219756129584e+01,1.532329130494645320e+01,1.434243360027867809e+01,3.053974809081381636e+00,-1.264594523785422986e+01,1.434243445333243017e+01,1.660167319449502799e+01
1.000000000000000036e-10,5.657736299079504505e+01,7.076513398899718643e-01,1.409573189699183615e+01,2.564857226833412440e+00,7.076535874965236284e-01,1.014915702393617636e+01,6.788706172329702859e+00,1.392890576939862513e+01,1.409573363453103489e+01,6.788705608217476595e+00,8.678362147392453707e+00,1.134411050493171658e+01,2.564860898498200648e+00,1.392890570582155796e+01,1.134411137730963759e+01,2.269454476232590778e+01
1.000000000000000036e-10,5.640573456133988373e+01,-5.792112109418470246e-03,1.316959752225373848e+01,1.440204699160966273e+00,-5.784980510263638964e-03,1.361376915434370574e+02,8.595907297333866381e+00,6.899962934014834559e+01,1.316959797499463392e+01,8.595905559080723179e+00,3.717745640730164336e+00,4.725901975757216711e+00,1.440208355305613974e+00,6.899962914516230228e+01,4.725902854525850572e+00,3.537597016912364722e+01
1.000000000000000036e-10,5.641961172536964852e+01,-8.177485340576565065e+00,1.336276734538321698e+01,-1.423129860755560694e+00,-8.177474721634668597e+00,5.466232550811514557e+02,-3.678354385981885599e+01,1.832191835343863886e+02,1.336276666498998900e+01,-3.678354638072993055e+01,5.504284956450669952e+00,-1.206663241839913248e+01,-1.423126287623212693e+00,1.832191832700195846e+02,-1.206663155320739378e+01,6.159086665772385771e+01
1.000000000000000036e-10,5.701716104143159214e+01,-3.478115172087153439e+01,1.701112396532001725e+01,-8.258356735600475673e+00,-3.478113911798268276e+01,1.513937222486319570e+03,-1.937432854307594994e+02,4.085502634963866626e+02,1.701112241718368878e+01,-1.937432883667933652e+02,2.773586558875244990e+01,-5.208099330566691521e+01,-8.258353325029354153e+00,4.085502632282797322e+02,-5.208099247818863375e+01,1.103646868237389072e+02
1.000000000000000036e-10,5.865327112078587390e+01,-8.747157858733291391e+01,2.670071101250667311e+01,-1.955203966899209078e+01,-8.747156504772148367e+01,3.090540088050928262e+03,-5.039808143246286249e+02,7.222031406552107455e+02,2.670070889091567068e+01,-5.039808174497452455e+02,8.509270444574185888e+01,-1.176269224657776675e+02,-1.955203649707173241e+01,7.222031404284423388e+02,-1.176269216981240362e+02,1.688454893759974880e+02
1.000000000000000036e-10,6.039724046947929281e+01,-1.320341147717890067e+02,3.685140284082917361e+01,-2.709021519490931240e+01,-1.320341011048001008e+02,4.124907844571150235e+03,-7.632597957876129158e+02,8.663205209225345698e+02,3.685140041087557705e+01,-7.632597989383770027e+02,1.441465073830211168e+02,-1.602128289426260608e+02,-2.709021231827049547e+01,8.663205207577548208e+02,-1.602128282501531089e+02,1.820052089158513695e+02
1.000000000000000036e-10,6.100489154939165104e+01,-1.379036317775074849e+02,4.026577720848136721e+01,-2.651054351260956921e+01,-1.379036187090427177e+02,3.944950391005839265e+03,-7.953171714563617343e+02,7.703428881650556832e+02,4.026577467754973583e+01,-7.953171744791471838e+02,1.632861029200171288e+02,-1.552654795296417660e+02,-2.651054095621154261e+01,7.703428880619808297e+02,-1.552654789183747255e+02,1.504744550509761325e+02
1.000000000000000036e-10,6.091247883117365092e+01,-1.257216275587529992e+02,3.961724568346829756e+01,-2.316705612508069123e+01,-1.257216155381701981e+02,3.358661798007809011e+03,-7.235421942136504185e+02,6.251788712393093874e+02,3.961724319650944892e+01,-7.235421970086351848e+02,1.588585613920126605e+02,-1.346830842672783319e+02,-2.316705388471713434e+01,6.251788711859703653e+02,-1.346830837353213326e+02,1.164110185832215905e+02
1.000000000000000036e-10,6.066168135702581310e+01,-1.123157939917449255e+02,3.808560679992825726e+01,-2.014068333453269943e+01,-1.123157831941186657e+02,2.847521906143433625e+03,-6.458586935520623911e+02,5.128266234644769384e+02,3.808560444837553405e+01,-6.458586960771513077e+02,1.495226887408351217e+02,-1.163543544612034566e+02,-2.014068138835075317e+01,5.128266234464856552e+02,-1.163543540021590417e+02,9.239503092116689231e+01
1.000000000000000036e-10,6.042841781120866074e+01,-1.016987428365041239e+02,3.668352693663361208e+01,-1.791711199876877458e+01,-1.016987332790162952e+02,2.478764721317368640e+03,-5.849298406414047804e+02,4.359810930976320265e+02,3.668352477141176848e+01,-5.849298428887717591e+02,1.411032702806777763e+02,-1.029467927791375672e+02,-1.791711031709103707e+01,4.359810931025752438e+02,-1.029467923848244908e+02,7.671838537926163326e+01
1.000000000000000036e-10,6.024444882346590902e+01,-9.391573022048477526e+01,3.558486533048206013e+01,-1.635131410362032867e+01,-9.391572183833874021e+01,2.223558698171216292e+03,-5.406089040926729012e+02,3.842802963198582233e+02,3.558486337419203949e+01,-5.406089060732878124e+02,1.345466700291382267e+02,-9.351656717884243619e+01,-1.635131265497648556e+01,3.842802963384463055e+02,-9.351656684088109728e+01,6.644638180812957273e+01
1.000000000000000036e-10,6.010593879156307651e+01,-8.833144369203601798e+01,3.476063224298454912e+01,-1.525196472514759627e+01,-8.833143638390394869e+01,2.048152137327662331e+03,-5.090199922288985590e+02,3.492229944647428965e+02,3.476063049961514650e+01,-5.090199939628910784e+02,1.296447988244887597e+02,-8.689545839212478029e+01,-1.525196347942686614e+01,3.492229944905494108e+02,-8.689545810271016535e+01,5.957843529108004077e+01
1.000000000000000036e-10,6.000321467108506823e+01,-8.435289298651406398e+01,3.415073308622636006e+01,-1.447575466685580636e+01,-8.435288663968685796e+01,1.927603414467003631e+03,-4.866492278916182954e+02,3.251991613803788823e+02,3.415073154827756241e+01,-4.866492294026638774e+02,1.260256029677644420e+02,-8.221822842586402658e+01,-1.447575359668290318e+01,3.251991614091888323e+02,-8.221822817805957584e+01,5.489660974041387220e+01
1.000000000000000036e-10,5.992749767829054974e+01,-8.153026351355025270e+01,3.370187578320354049e+01,-1.392472683012123902e+01,-8.153025801671174122e+01,1.844835163698615361e+03,-4.708671975567298205e+02,3.086107919683371392e+02,3.370187443665017213e+01,-4.708671988690072112e+02,1.233660577748736671e+02,-7.889568806772008713e+01,-1.392472591126813342e+01,3.086107919975122513e+02,-7.889568785550630992e+01,5.165879731278396036e+01
1.000000000000000036e-10,5.987192823644804918e+01,-7.953735084372542019e+01,3.337281661480768946e+01,-1.353244776251925607e+01,-7.953734609278740209e+01,1.788224349204448799e+03,-4.597850013290708375e+02,2.971159934522100343e+02,3.337281544242551234e+01,-4.597850024657385006e+02,1.214184259658450458e+02,-7.652871310326587206e+01,-1.353244697384838169e+01,2.971159934801880809e+02,-7.652871292147946747e+01,4.939939780857101681e+01
1.000000000000000036e-10,5.983134207699536944e+01,-7.813915874388683847e+01,3.313267475753875146e+01,-1.325322015024333488e+01,-7.813915464422386492e+01,1.749774059490145873e+03,-4.520521964147910126e+02,2.891530343746018730e+02,3.313267374105080876e+01,-4.520521973972948899e+02,1.199981893990252360e+02,-7.484274281105729187e+01,-1.325321947345209672e+01,2.891530344005333859e+02,-7.484274265529064962e+01,4.781610514585481297e+01
1.000000000000000036e-10,5.980187798080338268e+01,-7.716625641004313252e+01,3.295844414788583521e+01,-1.305503396733241139e+01,-7.716625287696297164e+01,1.723928754158516767e+03,-4.467015749478008502e+02,2.836573807726453538e+02,3.295844326928452972e+01,-4.467015757956153266e+02,1.189683604519807290e+02,-7.364533331194091659e+01,-1.305503338663492485e+01,2.836573807961405578e+02,-7.364533317843672933e+01,4.670637961702060892e+01
1.000000000000000036e-10,5.978064558210866863e+01,-7.649604187814355782e+01,3.283294660651108643e+01,-1.291510820663730641e+01,-7.649603883657603376e+01,1.706792574848642062e+03,-4.430374349144869370e+02,2.798899260269286628e+02,3.283294584882074219e+01,-4.430374356450705591e+02,1.182269032535764239e+02,-7.279940946180018102e+01,-1.291510770844567091e+01,2.798899260478836482e+02,-7.279940934735483893e+01,4.593100299904942574e+01
1.000000000000000036e-10,5.976547801601680732e+01,-7.603984028631660408e+01,3.274332721137099611e+01,-1.281704815917387741e+01,-7.603983767015999717e+01,1.695627733011823921e+03,-4.405594163572719708e+02,2.773316501768047715e+02,3.274332655903994294e+01,-4.405594169861336127e+02,1.176975962205786033e+02,-7.220623466127530321e+01,-1.281704773180435986e+01,2.773316501952864996e+02,-7.220623456315428257e+01,4.539247553947706137e+01
1.000000000000000036e-10,5.975475189741062110e+01,-7.573405864650693786e+01,3.267996790776406613e+01,-1.274897608357380996e+01,-7.573405639783794641e+01,1.688530217940161265e+03,-4.389107373974860025e+02,2.756171093588137637e+02,3.267996734681948823e+01,-4.389107379383079319e+02,1.173234836578446618e+02,-7.179421492787848535e+01,-1.274897571698601517e+01,2.756171093749842385e+02,-7.179421484374526585e+01,4.502164177794387712e+01
1.000000000000000036e-10,5.974725404426515496e+01,-7.553261027412101214e+01,3.263568783493914083e+01,-1.270226316206949591e+01,-7.553260834240830945e+01,1.684151051698713445e+03,-4.378340095777440411e+02,2.744858602995852834e+02,3.263568735299630674e+01,-4.378340100425235164e+02,1.170620819959514023e+02,-7.151129993426825138e+01,-1.270226284763855773e+01,2.744858603136517559e+02,-7.151129986212413314e+01,4.476909151497446260e+01
1.000000000000000036e-10,5.974208236594972732e+01,-7.540281071133465218e+01,3.260515123202609544e+01,-1.267064995030028740e+01,-7.540280905263963973e+01,1.681563772472220990e+03,-4.371476967117216645e+02,2.737544952005488312e+02,3.260515081821315420e+01,-4.371476971109307215e+02,1.168818452683219675e+02,-7.131970610333802085e+01,-1.267064968061937869e+01,2.737544952127340707e+02,-7.131970604147210224e+01,4.459945552737130470e+01
1.000000000000000036e-10,5.973857027477104253e+01,-7.532154144769685900e+01,3.258441733547012831e+01,-1.264961016603677457e+01,-7.532154002392421432e+01,1.680133061151137554e+03,-4.367240485317140610e+02,2.732939336262705865e+02,3.258441698030903666e+01,-4.367240488744587310e+02,1.167594866307167791e+02,-7.119209566383230481e+01,-1.264960993474668882e+01,2.732939336367938949e+02,-7.119209561077896353e+01,4.448743119745725494e+01
1.000000000000000036e-10,5.973622888990423974e+01,-7.527252051010381706e+01,3.257059709082297871e+01,-1.263588879069958537e+01,-7.527251928830547456e+01,1.679424894184184495e+03,-4.364735345896367562e+02,2.730136365318491585e+02,3.257059678609162745e+01,-4.364735348838090090e+02,1.166779405253600999e+02,-7.110879788068751850e+01,-1.263588859234172013e+01,2.730136365409180144e+02,-7.110879783519082764e+01,4.441498409993583607e+01
1.000000000000000036e-10,5.973470297480920976e+01,-7.524446679584039543e+01,3.256159180082497073e+01,-1.262716618879778174e+01,-7.524446574757534734e+01,1.679149751872791512e+03,-4.363344729043125767e+02,2.728509702392072995e+02,3.256159153941587903e+01,-4.363344731567352710e+02,1.166248133249135606e+02,-7.105578657050403990e+01,-1.262716601868747723e+01,2.728509702470107641e+02,-7.105578653148741353e+01,4.436936603000358303e+01
1.000000000000000036e-10,5.973373706706493635e+01,-7.522972786347075669e+01,3.255589255695240070e+01,-1.262180416495492352e+01,-7.522972696422652916e+01,1.679120922517099416e+03,-4.362653082877171755e+02,2.727633209401876684e+02,3.255589233273705929e+01,-4.362653085042774705e+02,1.165911962299935141e+02,-7.102315094373886950e+01,-1.262180401907238370e+01,2.727633209468949076e+02,-7.102315091027918470e+01,4.434163871516394551e+01
1.000000000000000036e-10,5.973314932842385616e+01,-7.522315783586651605e+01,3.255242550692993575e+01,-1.261865784689579506e+01,-7.522315706454298834e+01,1.679219566714749135e+03,-4.362382943755382598e+02,2.727219765047291844e+02,3.255242531463341038e+01,-4.362382945613073844e+02,1.165707501335561176e+02,-7.100396116403189239e+01,-1.261865772179222489e+01,2.727219765104899238e+02,-7.100396113533763298e+01,4.432559959705322683e+01
1.000000000000000036e-10,5.973281175841034241e+01,-7.522133372301854592e+01,3.255043486613227799e+01,-1.261693631643265512e+01,-7.522133306147121345e+01,1.679371387362543828e+03,-4.362351184089768026e+02,2.727078208812804405e+02,3.255043470121998439e+01,-4.362351185683185690e+02,1.165590142368675828e+02,-7.099342705594962410e+01,-1.261693620914952163e+01,2.727078208862257611e+02,-7.099342703134200860e+01,4.431699377252832051e+01
1.000000000000000036e-10,5.973263549452429544e+01,-7.522204846785935217e+01,3.254939601432607077e+01,-1.261610243712645207e+01,-7.522204790049676149e+01,1.679532747406642557e+03,-4.362440998792350229e+02,2.727084951414791476e+02,3.254939587290314051e+01,-4.362441000159003011e+02,1.165528925182339037e+02,-7.098829314648206434e+01,-1.261610234512598083e+01,2.727084951457230773e+02,-7.098829312537903036e+01,4.431295529208095019e+01
1.000000000000000036e-10,5.973255975461052714e+01,-7.522393073968319754e+01,3.254895015944335057e+01,-1.261579726244227473e+01,-7.522393025311565395e+01,1.679680280739492218e+03,-4.362580915143092284e+02,2.727162612240203430e+02,3.254895003816648824e+01,-4.362580916315203581e+02,1.165502678507796190e+02,-7.098638227718925009e+01,-1.261579718354783175e+01,2.727162612276613345e+02,-7.098638225909165556e+01,4.431158586447835290e+01
1.000000000000000036e-10,5.973254375763991675e+01,-7.522615628160036749e+01,3.254885661149883447e+01,-1.261578676500023022e+01,-7.522615586433373380e+01,1.679802840696441081e+03,-4.362728863119337461e+02,2.727264471177093128e+02,3.254885650749928772e+01,-4.362728864124574670e+02,1.165497201938136840e+02,-7.098627347694991840e+01,-1.261578669734501013e+01,2.727264471208328587e+02,-7.098627346142964711e+01,4.431166146769618308e+01
1.000000000000000036e-10,5.973256074321983533e+01,-7.522827325542546362e+01,3.254895745965706055e+01,-1.261592250277674943e+01,-7.522827289759582925e+01,1.679897290847667364e+03,-4.362862661884230988e+02,2.727364412331670565e+02,3.254895737047386461e+01,-4.362862662746338742e+02,1.165503180510263661e+02,-7.098706435837026163e+01,-1.261592244475973246e+01,2.727364412358462573e+02,-7.098706434506016194e+01,4.431241635066613327e+01
1.000000000000000036e-10,5.973259361379150789e+01,-7.523005394966102699e+01,3.254915183337399043e+01,-1.261611371948837856e+01,-7.523005364280555796e+01,1.679964511751953523e+03,-4.362971884136809990e+02,2.727449006142301187e+02,3.254915175689646389e+01,-4.362971884876163813e+02,1.165514665091633191e+02,-7.098820224341179141e+01,-1.261611366973656168e+01,2.727449006165280707e+02,-7.098820223199713553e+01,4.431339100714850332e+01
1.000000000000000036e-10,5.973263186198818175e+01,-7.523141254028581670e+01,3.254937776227165358e+01,-1.261630802862187295e+01,-7.523141227714492629e+01,1.680007609595808844e+03,-4.363053451633265922e+02,2.727512840246010910e+02,3.254937769668955383e+01,-4.363053452267342891e+02,1.165528001872522168e+02,-7.098936726688727106e+01,-1.261630798595778913e+01,2.727512840265721934e+02,-7.098936725709805273e+01,4.431432768354898144e+01
1.000000000000000036e-10,5.973266938635846657e+01,-7.523234457229776240e+01,3.254959927642434536e+01,-1.261647789030090294e+01,-7.523234434664485093e+01,1.680030543424818688e+03,-4.363108374469742330e+02,2.727555164620171695e+02,3.254959922018533547e+01,-4.363108375013533760e+02,1.165541070846823573e+02,-7.099039044937792653e+01,-1.261647785371482300e+01,2.727555164637078065e+02,-7.099039044098259410e+01,4.431509758477989891e+01
1.000000000000000036e-10,5.973270296797821288e+01,-7.523289466389047675e+01,3.254979741318162212e+01,-1.261661140448034324e+01,-7.523289447038526134e+01,1.680037634951950849e+03,-4.363140083580449300e+02,2.727577984866956058e+02,3.254979736495458553e+01,-4.363140084046813740e+02,1.165552755117325319e+02,-7.099119796988769338e+01,-1.261661137310637670e+01,2.727577984881457951e+02,-7.099119796268774962e+01,4.431565185761238013e+01
1.000000000000000036e-10,5.973273119048806024e+01,-7.523312590226656482e+01,3.254996384505305684e+01,-1.261670578033602830e+01,-7.523312573632928490e+01,1.680032855778716339e+03,-4.363152775687051417e+02,2.727584410744108254e+02,3.254996380369648534e+01,-4.363152776087017060e+02,1.165562565065958722e+02,-7.099177159960512995e+01,-1.261670575343164735e+01,2.727584410756546731e+02,-7.099177159343028620e+01,4.431598674758669887e+01
1.000000000000000036e-10,5.973275371257186350e+01,-7.523309947446846024e+01,3.255009658317298005e+01,-1.261676335789939785e+01,-7.523309933217153400e+01,1.680019363528946542e+03,-4.363150318402615540e+02,2.727577650212116964e+02,3.255009654770803706e+01,-4.363150318745639424e+02,1.165570384700439490e+02,-7.099212446173334001e+01,-1.261676333482783541e+01,2.727577650222784769e+02,-7.099212445643756553e+01,4.431612316117681161e+01
1.000000000000000036e-10,5.973277079392137523e+01,-7.523287715944941567e+01,3.255019717942471402e+01,-1.261678897760527462e+01,-7.523287703742482790e+01,1.679999930154365302e+03,-4.363136485089752910e+02,2.727560941590737116e+02,3.255019714901203542e+01,-4.363136485383946592e+02,1.165576306574116785e+02,-7.099228509150131572e+01,-1.261678895782049814e+01,2.727560941599888906e+02,-7.099228508695945550e+01,4.431609316253472741e+01
1.000000000000000036e-10,5.973278321736356844e+01,-7.523251988458765993e+01,3.255027028199925354e+01,-1.261678953271313119e+01,-7.523251977994721074e+01,1.679976952796757132e+03,-4.363114918443839656e+02,2.727537481296386090e+02,3.255027025591908085e+01,-4.363114918696157361e+02,1.165580606494921199e+02,-7.099229455386442567e+01,-1.261678951574689300e+01,2.727537481304237303e+02,-7.099229454996913091e+01,4.431593734179001842e+01
1.000000000000000036e-10,5.973279154443672212e+01,-7.523206600920848075e+01,3.255031920130265632e+01,-1.261677003304616029e+01,-7.523206591947543131e+01,1.679951882829487204e+03,-4.363087878993510458e+02,2.727509366533306547e+02,3.255031917893774818e+01,-4.363087879209915627e+02,1.165583479426657618e+02,-7.099218278193581000e+01,-1.261677001849692381e+01,2.727509366540044766e+02,-7.099218277859488069e+01,4.431568553307049285e+01
1.000000000000000036e-10,5.973279658122076086e+01,-7.523156239293737713e+01,3.255034870293340532e+01,-1.261673628934704006e+01,-7.523156231598794363e+01,1.679926415002100384e+03,-4.363058110866012953e+02,2.727478978696017862e+02,3.255034868375448553e+01,-4.363058111051620926e+02,1.165585206950166679e+02,-7.099198465544219516e+01,-1.261673627687047272e+01,2.727478978701796564e+02,-7.099198465257680368e+01,4.431537037974555915e+01
1.000000000000000036e-10,5.973279910536746229e+01,-7.523104166355614097e+01,3.255036338757535219e+01,-1.261669324640863366e+01,-7.523104159756907450e+01,1.679901598586799309e+03,-4.363027502143457355e+02,2.727447989288267536e+02,3.255036337112856870e+01,-4.363027502302652465e+02,1.165586061112206266e+02,-7.099172993596469894e+01,-1.261669323570945878e+01,2.727447989293226556e+02,-7.099172993350705951e+01,4.431501849548416061e+01
1.000000000000000036e-10,5.973279973301040258e+01,-7.523052170374710101e+01,3.255036689341311273e+01,-1.261664471688710876e+01,-7.523052164716060020e+01,1.679877893963375527e+03,-4.362997065851603793e+02,2.727417398199584113e+02,3.255036687930923023e+01,-4.362997065988147369e+02,1.165586256626104245e+02,-7.099144157578427894e+01,-1.261664470771211377e+01,2.727417398203839980e+02,-7.099144157367634023e+01,4.431465021464548215e+01
1.000000000000000036e-10,5.973279899434186291e+01,-7.523002038005343195e+01,3.255036235154558000e+01,-1.261659371723749601e+01,-7.523002033152825163e+01,1.679855810134900594e+03,-4.362967820294695684e+02,2.727388098121263056e+02,3.255036233945082813e+01,-4.362967820411814728e+02,1.165585978310032544e+02,-7.099113778402177388e+01,-1.261659370936955149e+01,2.727388098124914109e+02,-7.099113778221376947e+01,4.431428110586989533e+01
1.000000000000000036e-10,5.973279731879018328e+01,-7.522954768660089542e+01,3.255035229661912410e+01,-1.261654252671002041e+01,-7.522954764498851432e+01,1.679835553175316136e+03,-4.362940322265308737e+02,2.727360607308341400e+02,3.255035228624732468e+01,-4.362940322365767543e+02,1.165585375696317953e+02,-7.099083233530016912e+01,-1.261654251996292508e+01,2.727360607311475178e+02,-7.099083233374938118e+01,4.431392256730302392e+01
1.000000000000000036e-10,5.973279503650567790e+01,-7.522911177104924718e+01,3.255033867736258202e+01,-1.261649270719910731e+01,-7.522911173536495255e+01,1.679817302019472663e+03,-4.362915026461241723e+02,2.727335299094287393e+02,3.255033866846832069e+01,-4.362915026547414072e+02,1.165584563756761582e+02,-7.099053473358672761e+01,-1.261649270141318446e+01,2.727335299096973813e+02,-7.099053473225649213e+01,4.431358200513147239e+01
1.000000000000000036e-10,5.973279237846943346e+01,-7.522871210898894390e+01,3.255032285817095072e+01,-1.261644518528940218e+01,-7.522871207838811358e+01,1.679800895389714924e+03,-4.362891879338733361e+02,2.727312163988414113e+02,3.255032285054372210e+01,-4.362891879412653680e+02,1.165583623048937341e+02,-7.099025064520637329e+01,-1.261644518032772488e+01,2.727312163990719682e+02,-7.099025064406534113e+01,4.431326336662635157e+01
1.000000000000000036e-10,5.973278952762945693e+01,-7.522834239278822110e+01,3.255030591883613056e+01,-1.261640071470913860e+01,-7.522834236654665574e+01,1.679785938370685471e+03,-4.362870491279827547e+02,2.727290977991960972e+02,3.255030591229542125e+01,-4.362870491343240928e+02,1.165582617275278210e+02,-7.098998457306619514e+01,-1.261640071045427725e+01,2.727290977993940260e+02,-7.098998457208737989e+01,4.431296979608196551e+01
1.000000000000000036e-10,5.973278665551492850e+01,-7.522801227119590806e+01,3.255028886690433865e+01,-1.261636004868359962e+01,-7.522801224869266434e+01,1.679772777705291446e+03,-4.362851426589011794e+02,2.727272125893758812e+02,3.255028886129537824e+01,-4.362851426643410377e+02,1.165581605589223528e+02,-7.098974104064106427e+01,-1.261636004503486852e+01,2.727272125895458430e+02,-7.098974103980141592e+01,4.431270464380708063e+01
1.000000000000000036e-10,5.973278388072009903e+01,-7.522772779041069668e+01,3.255027240177728487e+01,-1.261632329104773298e+01,-7.522772777111323705e+01,1.679761620864832821e+03,-4.362835034254821949e+02,2.727255757613534684e+02,3.255027239696735109e+01,-4.362835034301492101e+02,1.165580629226319473e+02,-7.098952084542465002e+01,-1.261632328791878876e+01,2.727255757614992717e+02,-7.098952084470431600e+01,4.431246730485545982e+01
1.000000000000000036e-10,5.973278124944944523e+01,-7.522747486427331864e+01,3.255025679666434257e+01,-1.261629024214789396e+01,-7.522747484772489202e+01,1.679751795230394919e+03,-4.362820472139699746e+02,2.727241261739679317e+02,3.255025679253961357e+01,-4.362820472179740250e+02,1.165579704337861244e+02,-7.098932280274436835e+01,-1.261629023946468564e+01,2.727241261740931009e+02,-7.098932280212633827e+01,4.431225566595118437e+01
1.000000000000000036e-10,5.973277879497153009e+01,-7.522725179968010423e+01,3.255024224544597189e+01,-1.261626084101553325e+01,-7.522725178548911629e+01,1.679743206970507799e+03,-4.362807640040335855e+02,2.727228534478082338e+02,3.255024224190882620e+01,-4.362807640074690312e+02,1.165578842215566482e+02,-7.098914654861174256e+01,-1.261626083871456494e+01,2.727228534479157247e+02,-7.098914654808154978e+01,4.431206883115194728e+01
1.000000000000000036e-10,5.973277654205082143e+01,-7.522705784602334234e+01,3.255022889379831241e+01,-1.261623487910904018e+01,-7.522705783385393374e+01,1.679735809677709995e+03,-4.362796494063439923e+02,2.727217480989017417e+02,3.255022889076502679e+01,-4.362796494092917783e+02,1.165578051428611985e+02,-7.098899086561360150e+01,-1.261623487713585590e+01,2.727217480989941123e+02,-7.098899086515865520e+01,4.431190494398173030e+01
1.000000000000000036e-10,5.973277450388293630e+01,-7.522688940549440417e+01,3.255021681761922991e+01,-1.261621217220195668e+01,-7.522688939505862038e+01,1.679729433617869063e+03,-4.362786822068638912e+02,2.727207915517070091e+02,3.255021681501805375e+01,-4.362786822093933097e+02,1.165577336339036663e+02,-7.098885464648238042e+01,-1.261621217050986310e+01,2.727207915517863626e+02,-7.098885464609205087e+01,4.431176244885811144e+01
1.000000000000000036e-10,5.973277268595118272e+01,-7.522674617680395670e+01,3.255020604829585551e+01,-1.261619245335339023e+01,-7.522674616785478463e+01,1.679724064053585153e+03,-4.362778608205173327e+02,2.727199763620873227e+02,3.255020604606520607e+01,-4.362778608226880692e+02,1.165576698744361863e+02,-7.098873632388134070e+01,-1.261619245190234295e+01,2.727199763621555917e+02,-7.098873632354640506e+01,4.431163931622046448e+01
1.000000000000000036e-10,5.973277107887270176e+01,-7.522662389137997252e+01,3.255019652963999732e+01,-1.261617540547909577e+01,-7.522662388370567044e+01,1.679719512683154107e+03,-4.362771601336173148e+02,2.727192803669308319e+02,3.255019652772711680e+01,-4.362771601354801874e+02,1.165576135284437669e+02,-7.098863400920785693e+01,-1.261617540423475070e+01,2.727192803669895511e+02,-7.098863400892045661e+01,4.431153331498459380e+01
1.000000000000000036e-10,5.973276966684976941e+01,-7.522651940394173664e+01,3.255018816762272849e+01,-1.261616072495062291e+01,-7.522651939736070403e+01,1.679715646630309948e+03,-4.362765617970155745e+02,2.727186864554196291e+02,3.255018816598234821e+01,-4.362765617986143525e+02,1.165575640367211605e+02,-7.098854588726666748e+01,-1.261616072388354048e+01,2.727186864554699923e+02,-7.098854588702005231e+01,4.431144239280824593e+01
1.000000000000000036e-10,5.973276843392488189e+01,-7.522643017324520542e+01,3.255018086719071135e+01,-1.261614814494566161e+01,-7.522643016760164869e+01,1.679712360913978273e+03,-4.362760510709551909e+02,2.727181806091975318e+02,3.255018086578401437e+01,-4.362760510723275615e+02,1.165575208335069988e+02,-7.098847035570781827e+01,-1.261614814403059093e+01,2.727181806092408465e+02,-7.098847035549614759e+01,4.431136476589218631e+01
1.000000000000000036e-10,5.973276736523251884e+01,-7.522635522266229202e+01,3.255017453973981389e+01,-1.261613742192179544e+01,-7.522635521782267176e+01,1.679709621308561509e+03,-4.362756224776730392e+02,2.727177550979106400e+02,3.255017453853349707e+01,-4.362756224788509485e+02,1.165574833911152268e+02,-7.098840596390817836e+01,-1.261613742113708092e+01,2.727177550979478156e+02,-7.098840596372650680e+01,4.431129882601715053e+01
1.000000000000000036e-10,5.973276644211976816e+01,-7.522629201144303579e+01,3.255016907498951184e+01,-1.261612828951450105e+01,-7.522629200729288357e+01,1.679707323634946761e+03,-4.362752612199125792e+02,2.727173961161258262e+02,3.255016907395506109e+01,-4.362752612209238805e+02,1.165574510580001260e+02,-7.098835112091134647e+01,-1.261612828884157089e+01,2.727173961161579427e+02,-7.098835112075538234e+01,4.431124283739305270e+01
1.000000000000000036e-10,5.973276564703569136e+01,-7.522623805531944186e+01,3.255016436866928586e+01,-1.261612054493181034e+01,-7.522623805176050382e+01,1.679705365949625730e+03,-4.362749528535713921e+02,2.727170914078745341e+02,3.255016436778218036e+01,-4.362749528544395048e+02,1.165574232150462137e+02,-7.098830460151970101e+01,-1.261612054435473773e+01,2.727170914079023305e+02,-7.098830460138586318e+01,4.431119550862422329e+01
1.000000000000000036e-10,5.973276496942616376e+01,-7.522619263252457245e+01,3.255016035785716610e+01,-1.261611403211855098e+01,-7.522619262947260665e+01,1.679703723084989406e+03,-4.362746933747861249e+02,2.727168357498420050e+02,3.255016035709645905e+01,-4.362746933755315126e+02,1.165573994874491177e+02,-7.098826546346013799e+01,-1.261611403162368994e+01,2.727168357498660498e+02,-7.098826546334520060e+01,4.431115580698023138e+01
1.000000000000000036e-10,5.973276439814052452e+01,-7.522615628574303059e+01,3.255015697595727175e+01,-1.261610859245925731e+01,-7.522615628312584590e+01,1.679702427348155197e+03,-4.362744862022570942e+02,2.727166286500744263e+02,3.255015697530493668e+01,-4.362744862028970374e+02,1.165573794777992020e+02,-7.098823277266329512e+01,-1.261610859203489099e+01,2.727166286500950605e+02,-7.098823277256467179e+01,4.431112272001996644e+01
1.000000000000000036e-10,5.973276391415252107e+01,-7.522612619347563623e+01,3.255015411122886348e+01,-1.261610399497729595e+01,-7.522612619123128752e+01,1.679701360881488654e+03,-4.362743147607037031e+02,2.727164560263337876e+02,3.255015411066944608e+01,-4.362743147612533221e+02,1.165573625303131138e+02,-7.098820515352849725e+01,-1.261610399461338794e+01,2.727164560263515227e+02,-7.098820515344381477e+01,4.431109478300785298e+01
1.000000000000000036e-10,5.973276350002164037e+01,-7.522609970896289155e+01,3.255015166017267347e+01,-1.261610011261139519e+01,-7.522609970703824445e+01,1.679700413730078935e+03,-4.362741635803777172e+02,2.727163066787161370e+02,3.255015165969295765e+01,-4.362741635808499154e+02,1.165573480310089991e+02,-7.098818182599545423e+01,-1.261610011229932660e+01,2.727163066787314847e+02,-7.098818182592272308e+01,4.431107125906468980e+01
1.000000000000000036e-10,5.973276314621223548e+01,-7.522607768956878260e+01,3.255014956629079137e+01,-1.261609684789799601e+01,-7.522607768791831973e+01,1.679699631738187009e+03,-4.362740379601451650e+02,2.727161824927428597e+02,3.255014956587940844e+01,-4.362740379605506860e+02,1.165573356453389948e+02,-7.098816220812538802e+01,-1.261609684763038253e+01,2.727161824927561042e+02,-7.098816220806288868e+01,4.431105155095649906e+01
1.000000000000000036e-10,5.973276284326333752e+01,-7.522605928531191921e+01,3.255014777354160316e+01,-1.261609410351866600e+01,-7.522605928389651808e+01,1.679698982031508194e+03,-4.362739329861650504e+02,2.727160789483969552e+02,3.255014777318882579e+01,-4.362739329865135005e+02,1.165573250415188369e+02,-7.098814571604852119e+01,-1.261609410328917313e+01,2.727160789484084376e+02,-7.098814571599484680e+01,4.431103505778609986e+01
1.000000000000000036e-10,5.973276258289349272e+01,-7.522604387148194860e+01,3.255014623293530462e+01,-1.261609179572095840e+01,-7.522604387026818529e+01,1.679698441332783204e+03,-4.362738450724643826e+02,2.727159925668444203e+02,3.255014623263279105e+01,-4.362738450727637769e+02,1.165573159298977401e+02,-7.098813184700779289e+01,-1.261609179552415938e+01,2.727159925668541973e+02,-7.098813184696167866e+01,4.431102126365362892e+01
1.000000000000000036e-10,5.973276235756596009e+01,-7.522603098440841052e+01,3.255014489985271098e+01,-1.261608985385595716e+01,-7.522603098336753646e+01,1.679697993207169475e+03,-4.362737715717577771e+02,2.727159206997388878e+02,3.255014489959328472e+01,-4.362737715720153346e+02,1.165573080464452005e+02,-7.098812017752244685e+01,-1.261608985368719615e+01,2.727159206997473575e+02,-7.098812017748279857e+01,4.431100974188893105e+01
1.000000000000000036e-10,5.973276216100757807e+01,-7.522602003831136130e+01,3.255014373724823429e+01,-1.261608821720476215e+01,-7.522602003741876331e+01,1.679697614887484860e+03,-4.362737091024173424e+02,2.727158603497171612e+02,3.255014373702576336e+01,-4.362737091026386906e+02,1.165573011725023918e+02,-7.098811034134061515e+01,-1.261608821706004413e+01,2.727158603497245508e+02,-7.098811034130658015e+01,4.431100011955462747e+01
1.000000000000000036e-10,5.973276198853910302e+01,-7.522601086669909876e+01,3.255014271731148767e+01,-1.261608684511704936e+01,-7.522601086593367370e+01,1.679697301852537748e+03,-4.362736567556318050e+02,2.727158104038976489e+02,3.255014271712069984e+01,-4.362736567558220599e+02,1.165572951428531638e+02,-7.098810209328644305e+01,-1.261608684499294597e+01,2.727158104039040722e+02,-7.098810209325719711e+01,4.431099215441800965e+01
1.000000000000000036e-10,5.973276183606231626e+01,-7.522600333276520246e+01,3.255014181585872990e+01,-1.261608569310188699e+01,-7.522600333210878887e+01,1.679697050429359933e+03,-4.362736137770461937e+02,2.727157697150884701e+02,3.255014181569511322e+01,-4.362736137772099028e+02,1.165572898148681134e+02,-7.098809516836212197e+01,-1.261608569299546012e+01,2.727157697150940976e+02,-7.098809516833696875e+01,4.431098557071594257e+01
1.000000000000000036e-10,5.973276169943953562e+01,-7.522599696996429941e+01,3.255014100840337932e+01,-1.261608472515332657e+01,-7.522599696940136482e+01,1.679696841872558252e+03,-4.362735774512718194e+02,2.727157360971787057e+02,3.255014100826308976e+01,-4.362735774514126206e+02,1.165572850436911381e+02,-7.098808934913020607e+01,-1.261608472506205914e+01,2.727157360971837079e+02,-7.098808934910860557e+01,4.431098015292323566e+01
1.000000000000000036e-10,5.973276157580998103e+01,-7.522599164113380255e+01,3.255014027802591414e+01,-1.261608391469754054e+01,-7.522599164065104560e+01,1.679696671801978937e+03,-4.362735470146761259e+02,2.727157086971745343e+02,3.255014027790559794e+01,-4.362735470147972023e+02,1.165572807292957265e+02,-7.098808447529454213e+01,-1.261608391461927603e+01,2.727157086971789681e+02,-7.098808447527592591e+01,4.431097573952049373e+01
1.000000000000000036e-10,5.973276146297100553e+01,-7.522598727042134215e+01,3.255013961165658287e+01,-1.261608324102366296e+01,-7.522598727000737995e+01,1.679696538192122034e+03,-4.362735220532892413e+02,2.727156869643492882e+02,3.255013961155343338e+01,-4.362735220533935490e+02,1.165572767941609555e+02,-7.098808042236886706e+01,-1.261608324095654865e+01,2.727156869643529831e+02,-7.098808042235289406e+01,4.431097220504334899e+01
1.000000000000000036e-10,5.973276135901326711e+01,-7.522598375388250247e+01,3.255013899802330002e+01,-1.261608268349584172e+01,-7.522598375352751532e+01,1.679696437495557120e+03,-4.362735019770907456e+02,2.727156702160402801e+02,3.255013899793483745e+01,-4.362735019771806151e+02,1.165572731717690402e+02,-7.098807706712885590e+01,-1.261608268343828954e+01,2.727156702160435771e+02,-7.098807706711508558e+01,4.431096942132762706e+01
1.000000000000000036e-10,5.973276126222477700e+01,-7.522598088970765673e+01,3.255013842699744231e+01,-1.261608222592771256e+01,-7.522598088940324601e+01,1.679696361608715051e+03,-4.362734856171774140e+02,2.727156574882442328e+02,3.255013842692157766e+01,-4.362734856172548348e+02,1.165572698022158988e+02,-7.098807431151666947e+01,-1.261608222587836003e+01,2.727156574882471887e+02,-7.098807431150484604e+01,4.431096728904697102e+01
1.000000000000000036e-10,5.973276117130338037e+01,-7.522597870129297348e+01,3.255013789086141429e+01,-1.261608185554040062e+01,-7.522597870103193429e+01,1.679696312405736990e+03,-4.362734731280629035e+02,2.727156486956202457e+02,3.255013789079632858e+01,-4.362734731281295240e+02,1.165572666397730615e+02,-7.098807207952719978e+01,-1.261608185549808070e+01,2.727156486956226331e+02,-7.098807207951705323e+01,4.431096573101429925e+01
1.000000000000000036e-10,5.973276108499266712e+01,-7.522597703276476011e+01,3.255013738224340614e+01,-1.261608155831578060e+01,-7.522597703254091073e+01,1.679696283558249888e+03,-4.362734636038601934e+02,2.727156430524942152e+02,3.255013738218760722e+01,-4.362734636039176053e+02,1.165572636412068874e+02,-7.098807028714166734e+01,-1.261608155827949140e+01,2.727156430524964321e+02,-7.098807028713292766e+01,4.431096465899030079e+01
1.000000000000000036e-10,5.973276100255191068e+01,-7.522597577536494384e+01,3.255013689675499933e+01,-1.261608132764786028e+01,-7.522597577517296941e+01,1.679696270690554911e+03,-4.362734564251746292e+02,2.727156400771053768e+02,3.255013689670713006e+01,-4.362734564252242535e+02,1.165572607805183338e+02,-7.098806889348561810e+01,-1.261608132761674206e+01,2.727156400771073663e+02,-7.098806889347807214e+01,4.431096403194246847e+01
1.000000000000000036e-10,5.973276092379862945e+01,-7.522597500359584899e+01,3.255013643331274409e+01,-1.261608115869409552e+01,-7.522597500343121624e+01,1.679696277289009913e+03,-4.362734520322700860e+02,2.727156399498574046e+02,3.255013643327169603e+01,-4.362734520323126617e+02,1.165572580512765768e+02,-7.098806786983345773e+01,-1.261608115866740576e+01,2.727156399498591099e+02,-7.098806786982696337e+01,4.431096381646919014e+01
1.000000000000000036e-10,5.973276084897482718e+01,-7.522597464351871110e+01,3.255013599336907504e+01,-1.261608104810913211e+01,-7.522597464337755468e+01,1.679696299944167549e+03,-4.362734499985569414e+02,2.727156423039053834e+02,3.255013599333386765e+01,-4.362734499985936623e+02,1.165572554621955419e+02,-7.098806719558629652e+01,-1.261608104808624198e+01,2.727156423039070887e+02,-7.098806719558072587e+01,4.431096398336958231e+01
1.000000000000000036e-10,5.973276077912599646e+01,-7.522597472401439234e+01,3.255013558308540667e+01,-1.261608099781254033e+01,-7.522597472389331585e+01,1.679696339641233635e+03,-4.362734505206083782e+02,2.727156472162734531e+02,3.255013558305522281e+01,-4.362734505206399263e+02,1.165572530495810923e+02,-7.098806688133561238e+01,-1.261608099779290981e+01,2.727156472162749878e+02,-7.098806688133080911e+01,4.431096453167944560e+01
1.000000000000000036e-10,5.973276071597913983e+01,-7.522597528949314949e+01,3.255013521263198584e+01,-1.261608101181136909e+01,-7.522597528938936762e+01,1.679696397550990241e+03,-4.362734538653309642e+02,2.727156548007786796e+02,3.255013521260610077e+01,-4.362734538653582490e+02,1.165572508733195036e+02,-7.098806695064875782e+01,-1.261608101179453278e+01,2.727156548007798733e+02,-7.098806695064463668e+01,4.431096546748148057e+01
1.000000000000000036e-10,5.973276066185665911e+01,-7.522597636622290906e+01,3.255013489566587026e+01,-1.261608109633347219e+01,-7.522597636613394911e+01,1.679696473662901099e+03,-4.362734601857488883e+02,2.727156651001473620e+02,3.255013489564365159e+01,-4.362734601857723646e+02,1.165572490137167989e+02,-7.098806743994005330e+01,-1.261608109631903751e+01,2.727156651001484420e+02,-7.098806743993644375e+01,4.431096680493601525e+01
1.000000000000000036e-10,5.973276061937858827e+01,-7.522597817515584495e+01,3.255013464757087149e+01,-1.261608125687906323e+01,-7.522597817507953266e+01,1.679696576942913680e+03,-4.362734708184484589e+02,2.727156788662416034e+02,3.255013464755183605e+01,-4.362734708184687520e+02,1.165572475611041483e+02,-7.098806838347164216e+01,-1.261608125686668913e+01,2.727156788662423423e+02,-7.098806838346851578e+01,4.431096855170754623e+01
1.000000000000000036e-10,5.973276059007653771e+01,-7.522598059322554320e+01,3.255013447739762711e+01,-1.261608148690259412e+01,-7.522598059316007379e+01,1.679696700936486423e+03,-4.362734850280614864e+02,2.727156953657454324e+02,3.255013447738128463e+01,-4.362734850280791647e+02,1.165572465689942590e+02,-7.098806974362869937e+01,-1.261608148689198394e+01,2.727156953657460576e+02,-7.098806974362604194e+01,4.431097063989410856e+01
1.000000000000000036e-10,5.973276057472149603e+01,-7.522598336572357880e+01,3.255013438958334859e+01,-1.261608178367375999e+01,-7.522598336566744592e+01,1.679696833463119674e+03,-4.362735012827098444e+02,2.727157135117503799e+02,3.255013438956932958e+01,-4.362735012827250785e+02,1.165572460629333449e+02,-7.098807150307909808e+01,-1.261608178366465971e+01,2.727157135117510052e+02,-7.098807150307678171e+01,4.431097303781159269e+01
1.000000000000000036e-10,5.973276057456513399e+01,-7.522598658991660159e+01,3.255013439144688192e+01,-1.261608214451293186e+01,-7.522598658986845521e+01,1.679696978403625280e+03,-4.362735201680314958e+02,2.727157335075777382e+02,3.255013439143485243e+01,-4.362735201680448540e+02,1.165572460857494121e+02,-7.098807364610968307e+01,-1.261608214450512833e+01,2.727157335075782498e+02,-7.098807364610772197e+01,4.431097570910174710e+01
1.000000000000000036e-10,5.973276059127907445e+01,-7.522599012808915120e+01,3.255013449272196624e+01,-1.261608257003297417e+01,-7.522599012804786867e+01,1.679697128544670250e+03,-4.362735408566055071e+02,2.727157547046943478e+02,3.255013449271163495e+01,-4.362735408566170463e+02,1.165572466941471248e+02,-7.098807617423229033e+01,-1.261608257002628086e+01,2.727157547046948025e+02,-7.098807617423061345e+01,4.431097863342503729e+01
1.000000000000000036e-10,5.973276062747106607e+01,-7.522599422176702433e+01,3.255013470860087210e+01,-1.261608306490515474e+01,-7.522599422173165351e+01,1.679697293746593459e+03,-4.362735647980072713e+02,2.727157779063772978e+02,3.255013470859202585e+01,-4.362735647980173894e+02,1.165572479766570098e+02,-7.098807911565344853e+01,-1.261608306489941356e+01,2.727157779063776957e+02,-7.098807911565197060e+01,4.431098181153931392e+01
1.000000000000000036e-10,5.973276068506745418e+01,-7.522599895027325090e+01,3.255013505033647192e+01,-1.261608362193084609e+01,-7.522599895024292493e+01,1.679697476742391018e+03,-4.362735924727232373e+02,2.727158030986063864e+02,3.255013505032889753e+01,-4.362735924727321049e+02,1.165572499990779249e+02,-7.098808242954255832e+01,-1.261608362192592381e+01,2.727158030986068411e+02,-7.098808242954129355e+01,4.431098516677068488e+01
1.000000000000000036e-10,5.973276076426686387e+01,-7.522600403070521224e+01,3.255013551896026769e+01,-1.261608422651299577e+01,-7.522600403067916375e+01,1.679697664485665200e+03,-4.362736221967045367e+02,2.727158288830506763e+02,3.255013551895377333e+01,-4.362736221967123811e+02,1.165572527667530380e+02,-7.098808602959866221e+01,-1.261608422650877515e+01,2.727158288830510173e+02,-7.098808602959759639e+01,4.431098858911869343e+01
1.000000000000000036e-10,5.973276086465108392e+01,-7.522600917136500698e+01,3.255013611185930955e+01,-1.261608486428775677e+01,-7.522600917134268173e+01,1.679697843839694542e+03,-4.362736522329326476e+02,2.727158538770448786e+02,3.255013611185376021e+01,-4.362736522329395825e+02,1.165572562635014577e+02,-7.098808982885354624e+01,-1.261608486428413478e+01,2.727158538770452765e+02,-7.098808982885259411e+01,4.431099197605606577e+01
1.000000000000000036e-10,5.973276098599430384e+01,-7.522601442677077443e+01,3.255013682744746006e+01,-1.261608552627674484e+01,-7.522601442675158978e+01,1.679698017553608452e+03,-4.362736829168305235e+02,2.727158781078078391e+02,3.255013682744269232e+01,-4.362736829168364352e+02,1.165572604785558184e+02,-7.098809377301580525e+01,-1.261608552627364332e+01,2.727158781078083507e+02,-7.098809377301495260e+01,4.431099526387298226e+01
1.000000000000000036e-10,5.973276112594708565e+01,-7.522602006708348199e+01,3.255013765173987395e+01,-1.261608618317916530e+01,-7.522602006706704003e+01,1.679698199469071824e+03,-4.362737158839187259e+02,2.727159021522706439e+02,3.255013765173578122e+01,-4.362737158839239555e+02,1.165572653288036662e+02,-7.098809769371611367e+01,-1.261608618317650610e+01,2.727159021522710418e+02,-7.098809769371540312e+01,4.431099827472139907e+01
1.000000000000000036e-10,5.973276127721385365e+01,-7.522602524741539298e+01,3.255013854181473221e+01,-1.261608677862303196e+01,-7.522602524740126739e+01,1.679698354667874810e+03,-4.362737461146075475e+02,2.727159221963254936e+02,3.255013854181123634e+01,-4.362737461146121518e+02,1.165572705618952654e+02,-7.098810125815224126e+01,-1.261608677862075112e+01,2.727159221963258346e+02,-7.098810125815163019e+01,4.431100069095434435e+01
1.000000000000000036e-10,5.973276143047744569e+01,-7.522602912304726885e+01,3.255013944270891812e+01,-1.261608726905128286e+01,-7.522602912303516121e+01,1.679698449358775406e+03,-4.362737685978904096e+02,2.727159348681122424e+02,3.255013944270593385e+01,-4.362737685978942181e+02,1.165572758537220466e+02,-7.098810420243796671e+01,-1.261608726904933242e+01,2.727159348681126403e+02,-7.098810420243745511e+01,4.431100230885697755e+01
1.000000000000000036e-10,5.973276157726220248e+01,-7.522603173383407693e+01,3.255014030446310613e+01,-1.261608762193512945e+01,-7.522603173382370301e+01,1.679698490047268479e+03,-4.362737836108977376e+02,2.727159403007678975e+02,3.255014030446054818e+01,-4.362737836109012051e+02,1.165572809098945299e+02,-7.098810633200743325e+01,-1.261608762193345612e+01,2.727159403007682954e+02,-7.098810633200695008e+01,4.431100299999987868e+01
1.000000000000000036e-10,5.973276170835477217e+01,-7.522603296857116106e+01,3.255014107289180458e+01,-1.261608780111537342e+01,-7.522603296856223665e+01,1.679698476640210174e+03,-4.362737905277201662e+02,2.727159380431010618e+02,3.255014107288962322e+01,-4.362737905277230652e+02,1.165572854118185546e+02,-7.098810743215247498e+01,-1.261608780111393990e+01,2.727159380431015165e+02,-7.098810743215207708e+01,4.431100262025630343e+01
1.000000000000000036e-10,5.973276181575533172e+01,-7.522603263111678018e+01,3.255014170127049056e+01,-1.261608778148085008e+01,-7.522603263110909211e+01,1.679698404441885259e+03,-4.362737882135028258e+02,2.727159274693153179e+02,3.255014170126862183e+01,-4.362737882135054406e+02,1.165572890866811235e+02,-7.098810735425891494e+01,-1.261608778147962617e+01,2.727159274693157158e+02,-7.098810735425855967e+01,4.431100109024238520e+01
6.565832690236491270e-07,5.973276188574236301e+01,-7.522603026440668827e+01,3.255014210890256265e+01,-1.261608751468499712e+01,-7.522603026440010865e+01,1.679698259856550521e+03,-4.362737739892825175e+02,2.727159069365142727e+02,3.255014210890096393e+01,-4.362737739892847912e+02,1.165572914599142393e+02,-7.098810581028594413e+01,-1.261608751468394551e+01,2.727159069365146706e+02,-7.098810581028565991e+01,4.431099823500066748e+01
5.391269782385467143e-06,5.973276191209824759e+01,-7.522602502973958849e+01,3.255014225975502029e+01,-1.261608700858540288e+01,-7.522602502973393257e+01,1.679698007814971561e+03,-4.362737429005156287e+02,2.727158739808969017e+02,3.255014225975364184e+01,-4.362737429005177319e+02,1.165572923227184532e+02,-7.098810283554894340e+01,-1.261608700858450405e+01,2.727158739808972996e+02,-7.098810283554867340e+01,4.431099417959654119e+01
1.991959460443407321e-05,5.973276189663894087e+01,-7.522601793794878233e+01,3.255014216453289322e+01,-1.261608633456779316e+01,-7.522601793794397906e+01,1.679697694094140161e+03,-4.362737010111758877e+02,2.727158338445436812e+02,3.255014216453171372e+01,-4.362737010111778204e+02,1.165572917379900275e+02,-7.098809884573294937e+01,-1.261608633456702400e+01,2.727158338445440791e+02,-7.098809884573270779e+01,4.431098941905281663e+01
9.797024932525961495e-05,5.973276184707494707e+01,-7.522601051195569255e+01,3.255014186905275864e+01,-1.261608555685116073e+01,-7.522601051195157140e+01,1.679697384413047303e+03,-4.362736573780744607e+02,2.727157930297130406e+02,3.255014186905173545e+01,-4.362736573780759954e+02,1.165572899777837392e+02,-7.098809422796725244e+01,-1.261608555685050170e+01,2.727157930297133817e+02,-7.098809422796706770e+01,4.431098433153129434e+01
4.720026711774851294e-04,5.973276177275651833e+01,-7.522600265647831463e+01,3.255014142865965709e+01,-1.261608474383855771e+01,-7.522600265647477613e+01,1.679697069380478752e+03,-4.362736114131969316e+02,2.727157519315358627e+02,3.255014142865876181e+01,-4.362736114131983527e+02,1.165572873694960094e+02,-7.098808938546004299e+01,-1.261608474383799283e+01,2.727157519315361469e+02,-7.098808938545988667e+01,4.431097929326829643e+01
2.056830010381205387e-03,5.973276168729866953e+01,-7.522599524301278962e+01,3.255014092354810629e+01,-1.261608398558967181e+01,-7.522599524300974849e+01,1.679696781747624755e+03,-4.362735682782661115e+02,2.727157147016367844e+02,3.255014092354734601e+01,-4.362735682782672484e+02,1.165572843852658735e+02,-7.098808485300935445e+01,-1.261608398558918687e+01,2.727157147016371255e+02,-7.098808485300924076e+01,4.431097478876782958e+01
7.718665054033506390e-03,5.973276160584607908e+01,-7.522598916238621314e+01,3.255014044287644737e+01,-1.261608335972835704e+01,-7.522598916238359834e+01,1.679696554132894562e+03,-4.362735332195452429e+02,2.727156851510796400e+02,3.255014044287580077e+01,-4.362735332195463798e+02,1.165572815498038892e+02,-7.098808109599869454e+01,-1.261608335972794492e+01,2.727156851510799811e+02,-7.098808109599859506e+01,4.431097119538332407e+01
3.059514558861536893e-02,5.973276154159496798e+01,-7.522598490635489554e+01,3.255014006412282868e+01,-1.261608292074208393e+01,-7.522598490635263602e+01,1.679696401746915626e+03,-4.362735090889777894e+02,2.727156652363163971e+02,3.255014006412227445e+01,-4.362735090889788125e+02,1.165572793178745883e+02,-7.098807844344629814e+01,-1.261608292074173576e+01,2.727156652363166813e+02,-7.098807844344624129e+01,4.431096874731146329e+01
1.074205319486292165e-01,5.973276150191598077e+01,-7.522598281225226913e+01,3.255013983039438585e+01,-1.261608267903782554e+01,-7.522598281225033645e+01,1.679696335175052582e+03,-4.362734977506164569e+02,2.727156557962099441e+02,3.255013983039391690e+01,-4.362734977506171390e+02,1.165572779415453368e+02,-7.098807696809743106e+01,-1.261608267903752179e+01,2.727156557962102852e+02,-7.098807696809738843e+01,4.431096743766762813e+01
4.909074381920319752e-01,5.973276148501546601e+01,-7.522598244203038576e+01,3.255013973092845703e+01,-1.261608258892728607e+01,-7.522598244202870887e+01,1.679696334123437509e+03,-4.362734964506055348e+02,2.727156542483683097e+02,3.255013973092805202e+01,-4.362734964506059896e+02,1.165572773563311273e+02,-7.098807640682251474e+01,-1.261608258892702672e+01,2.727156542483686508e+02,-7.098807640682252895e+01,4.431096696295082182e+01
1.628301644318651986e+00,5.973276148143622777e+01,-7.522598277491286467e+01,3.255013970988970584e+01,-1.261608257435671909e+01,-7.522598277491144358e+01,1.679696355311172283e+03,-4.362734989423125853e+02,2.727156557451838808e+02,3.255013970988937189e+01,-4.362734989423129832e+02,1.165572772327040667e+02,-7.098807631053992395e+01,-1.261608257435649527e+01,2.727156557451842218e+02,-7.098807631053995237e+01,4.431096689033212499e+01
4.999995231628417969e+00,5.973276148126523566e+01,-7.522598292083711158e+01,3.255013970888596475e+01,-1.261608257420805401e+01,-7.522598292083584681e+01,1.679696362758832265e+03,-4.362734998944163181e+02,2.727156563493768431e+02,3.255013970888565211e+01,-4.362734998944166023e+02,1.165572772268138237e+02,-7.098807630857325535e+01,-1.261608257420786394e+01,2.727156563493771841e+02,-7.098807630857328377e+01,4.431096689011978640e+01
