time,cart_pos,pend_pos,cart_vel,pend_vel,torque
0.000000000000000000e+00,0.000000000000000000e+00,3.141592653589793116e+00,0.000000000000000000e+00,0.000000000000000000e+00,-7.914543447630813938e-03
2.000000000000000042e-02,0.000000000000000000e+00,3.141592653589793116e+00,-1.432656488641239213e-04,-1.914744389417804498e-08,8.587719245610804866e-03
4.000000000000000083e-02,-2.865312977282478578e-06,3.141592653206844332e+00,2.618953200240261040e-05,5.907379688987226792e-05,-2.259526779211381599e-03
5.999999999999999778e-02,-2.341522337234426506e-06,3.141593834682782305e+00,-1.726061387556478887e-05,4.769471586646561469e-05,-2.428248819235258663e-02
8.000000000000000167e-02,-2.686734614745722334e-06,3.141594788577099617e+00,-4.550958165588772967e-04,5.322665502633305498e-05,3.510451602675616813e-03
1.000000000000000056e-01,-1.178865094592326901e-05,3.141595853110199954e+00,-3.470203522384396637e-04,2.384447552960936901e-04,-1.189922983416676072e-02
1.199999999999999956e-01,-1.872905799069206174e-05,3.141600622005305876e+00,-5.283965523473756155e-04,3.763024228830048347e-04,-3.359953573193842809e-03
1.400000000000000133e-01,-2.929698903763957338e-05,3.141608148053763649e+00,-5.373632890616062601e-04,5.833368954648753728e-04,-2.304900683900619755e-04
1.600000000000000033e-01,-4.004425481887169668e-05,3.141619814791672738e+00,-4.886401066653214701e-04,7.852940408869242377e-04,6.535709903807227633e-03
1.799999999999999933e-01,-4.981705695217812256e-05,3.141635520672490411e+00,-3.219663670375995596e-04,9.547227978533943255e-04,1.407618965985818309e-02
2.000000000000000111e-01,-5.625638429293011754e-05,3.141654615128447681e+00,-3.479352050690643315e-05,1.039676877235241057e-03,-1.802165910699822732e-03
2.200000000000000011e-01,-5.695225470306824702e-05,3.141675408665992375e+00,-6.277598317795400249e-05,9.881914111247191469e-04,-1.511185033131313277e-02
2.399999999999999911e-01,-5.820777436662732599e-05,3.141695172494214816e+00,-3.286070945158807649e-04,9.300204454184774275e-04,-1.487646182756471869e-02
2.600000000000000089e-01,-6.477991625694494752e-05,3.141713772903123036e+00,-5.638690923862983099e-04,9.642584339402862203e-04,8.262636028021471063e-04
2.800000000000000266e-01,-7.605729810467091968e-05,3.141733058071801921e+00,-4.915697490256112521e-04,1.078484221223701030e-03,-1.972069864776990547e-02
2.999999999999999889e-01,-8.588869308518314635e-05,3.141754627756226270e+00,-7.979226711617682603e-04,1.144400301704615128e-03,-1.110290534062687018e-02
3.200000000000000067e-01,-1.018471465084185045e-04,3.141777515762260276e+00,-9.179575778593628520e-04,1.316621785253052710e-03,1.295325196433122494e-02
3.400000000000000244e-01,-1.202062980656057605e-04,3.141803848197965543e+00,-5.903863909751551732e-04,1.516141968841183858e-03,-1.123398439247752338e-02
3.599999999999999867e-01,-1.320140258851088759e-04,3.141834171037342305e+00,-7.321797417218325107e-04,1.554922746164810526e-03,1.273644120509795884e-02
3.800000000000000044e-01,-1.466576207195455217e-04,3.141865269492265522e+00,-4.256907233854786326e-04,1.624589603262778341e-03,1.711927056196705169e-02
4.000000000000000222e-01,-1.551714351872550835e-04,3.141897761284330848e+00,-6.928568229607726028e-05,1.539259142686307067e-03,6.083862528666712614e-03
4.199999999999999845e-01,-1.565571488331766168e-04,3.141928546467184447e+00,5.305705437947126667e-05,1.278569532097334526e-03,7.065724063885970956e-03
4.400000000000000022e-01,-1.554960077455871882e-04,3.141954117857826301e+00,1.816871414944849490e-04,9.423016734958610668e-04,9.520751865592374727e-03
4.600000000000000200e-01,-1.518622649156974827e-04,3.141972963891296100e+00,3.425545826712799997e-04,5.332898221458015750e-04,4.259522813175846932e-03
4.799999999999999822e-01,-1.450111732622718914e-04,3.141983629687739032e+00,3.927047926972060117e-04,4.497740734791080049e-05,-1.627772258291738244e-02
5.000000000000000000e-01,-1.371570774083277690e-04,3.141984529235886114e+00,6.628746783307186722e-05,-4.688949717603272359e-04,7.023539851054974407e-03
5.200000000000000178e-01,-1.358313280516663382e-04,3.141975151336450889e+00,1.934873695793372936e-04,-8.439246920635898319e-04,4.635198651562474426e-04
5.400000000000000355e-01,-1.319615806600795815e-04,3.141958272842609645e+00,1.892796822080921161e-04,-1.259334869299519712e-03,5.101855485926979836e-04
5.600000000000000533e-01,-1.281759870159177397e-04,3.141933086145223708e+00,1.859664005098408425e-04,-1.653790863791922139e-03,3.473297443768432781e-03
5.799999999999999600e-01,-1.244566590057209266e-04,3.141900010327947967e+00,2.361156613052557121e-04,-2.020389727938770499e-03,3.565276047569677833e-03
5.999999999999999778e-01,-1.197343457796158124e-04,3.141859602533389140e+00,2.824012353908363212e-04,-2.374361635111524749e-03,-4.238216574594264908e-03
6.199999999999999956e-01,-1.140863210717990898e-04,3.141812115300687047e+00,1.821586811085337224e-04,-2.707664400853228900e-03,1.284585147726604107e-02
6.400000000000000133e-01,-1.104431474496284207e-04,3.141757962012670102e+00,4.000988207348770776e-04,-2.953657793894082575e-03,7.146965115576844885e-03
6.600000000000000311e-01,-1.024411710349308781e-04,3.141698888856792049e+00,4.926158288092762679e-04,-3.238449383882626657e-03,1.628482969395325186e-03
6.800000000000000488e-01,-9.258885445874535111e-05,3.141634119869114450e+00,4.751448977167396933e-04,-3.505523001777293129e-03,-5.755976585339868043e-03
7.000000000000000666e-01,-8.308595650441055617e-05,3.141564009409079095e+00,3.245669689707813069e-04,-3.704584631520440458e-03,-1.044387233793267304e-02
7.199999999999999734e-01,-7.659461712499492406e-05,3.141489917716448588e+00,1.026271986148397629e-04,-3.776605064931527322e-03,1.682307973158212594e-02
7.399999999999999911e-01,-7.454207315269812447e-05,3.141414385615149740e+00,3.946898996045455216e-04,-3.689741107165014997e-03,-5.970553035622532239e-04
7.600000000000000089e-01,-6.664827516060720645e-05,3.141340590793006537e+00,3.416105114683621333e-04,-3.656289462421469672e-03,-8.142063154093180655e-03
7.800000000000000266e-01,-5.981606493123996162e-05,3.141267465003758197e+00,1.559010313106442191e-04,-3.534957120959921796e-03,-7.355462293890662352e-04
8.000000000000000444e-01,-5.669804430502707967e-05,3.141196765861339113e+00,1.211993139831220572e-04,-3.272478612150080731e-03,2.954727838690834538e-03
8.200000000000000622e-01,-5.427405802536463988e-05,3.141131316289095921e+00,1.555416686670851693e-04,-2.934683371554001104e-03,-4.178570850009909188e-03
8.399999999999999689e-01,-5.116322465202293433e-05,3.141072622621664756e+00,5.635809897970135241e-05,-2.555518904756834669e-03,4.246696493478187458e-03
8.599999999999999867e-01,-5.003606267242890565e-05,3.141021512243569624e+00,1.184568516011660693e-04,-2.086367764018435753e-03,-1.257033940745964538e-04
8.800000000000000044e-01,-4.766692564040558643e-05,3.140979784888289217e+00,9.455973987217734594e-05,-1.601455150338898124e-03,-1.808068554721798879e-02
9.000000000000000222e-01,-4.577573084296203735e-05,3.140947755785282514e+00,-2.526317101877402819e-04,-1.073944203968439648e-03,-2.135804206431616854e-03
9.200000000000000400e-01,-5.082836504671684217e-05,3.140926276901203185e+00,-2.777034542006898295e-04,-3.795839334570868693e-04,2.381264775852950238e-02
9.400000000000000577e-01,-5.638243413073063524e-05,3.140918685222533924e+00,1.691471329565212523e-04,3.377226180583092199e-04,2.461925051615556238e-03
9.599999999999999645e-01,-5.299949147160021155e-05,3.140925439674894903e+00,1.858402539435074130e-04,8.705682175459218729e-04,3.652613682647330891e-03
9.799999999999999822e-01,-4.928268639273006166e-05,3.140942851039245642e+00,2.226668711423007100e-04,1.385271919858292820e-03,-1.734303905841601615e-02
1.000000000000000000e+00,-4.482934896988405044e-05,3.140970556477642894e+00,-1.237716652631962611e-04,1.864075043795351654e-03,-3.393022862918069235e-04
1.020000000000000018e+00,-4.730478227514797241e-05,3.141007837978518680e+00,-1.279957184427346628e-04,2.456194890598601029e-03,-1.212765296492886429e-03
1.040000000000000036e+00,-4.986469664400266621e-05,3.141056961876330433e+00,-1.468788337247697493e-04,3.010772521667252465e-03,1.243893811853171751e-02
1.060000000000000053e+00,-5.280227331849806309e-05,3.141117177326763876e+00,8.413359957889278993e-05,3.523607149189064962e-03,1.191336899098006767e-02
1.080000000000000071e+00,-5.111960132692020648e-05,3.141187649469747711e+00,2.841637695983602286e-04,3.882062025299976016e-03,1.404240364352655340e-02
1.100000000000000089e+00,-4.543632593495300110e-05,3.141265290710253844e+00,5.044378284843643867e-04,4.091201553410239548e-03,1.838510464715631745e-02
1.120000000000000107e+00,-3.534756936526571499e-05,3.141347114741321889e+00,7.831416963143648935e-04,4.137693566339274535e-03,-4.591513168965463665e-04
1.140000000000000124e+00,-1.968473543897841685e-05,3.141429868612648502e+00,6.948846084494649617e-04,3.995213876486447720e-03,1.501446410044535336e-02
1.159999999999999920e+00,-5.787043269989117613e-06,3.141509772890178187e+00,8.967248231768017901e-04,3.816157255679520233e-03,1.375746944097995354e-02
1.179999999999999938e+00,1.214745319354691995e-05,3.141586096035291931e+00,1.057400592046926465e-03,3.483786845024704291e-03,9.524270259556478352e-03
1.199999999999999956e+00,3.329546503448544640e-05,3.141655771772192463e+00,1.126973039401863797e-03,3.019781113855894358e-03,-6.476536770313536667e-03
1.219999999999999973e+00,5.583492582252272559e-05,3.141716167394469572e+00,9.011986597418770962e-04,2.468933627416710144e-03,-5.840449939567448311e-03
1.239999999999999991e+00,7.385889901736026805e-05,3.141765546067017745e+00,7.099281442887884607e-04,1.962251759952232579e-03,1.135377292892805583e-02
1.260000000000000009e+00,8.805746190313603402e-05,3.141804791102216665e+00,8.493387740612244521e-04,1.495022438013613808e-03,-3.284962442407376136e-03
1.280000000000000027e+00,1.050442373843605198e-04,3.141834691550976721e+00,7.107163348013950666e-04,9.395461164705635332e-04,2.350036954775171910e-03
1.300000000000000044e+00,1.192585640803884260e-04,3.141853482473305981e+00,6.880502992885299948e-04,4.197717151531405811e-04,2.372566774306165277e-02
1.320000000000000062e+00,1.330195700661590270e-04,3.141861877907608847e+00,1.054754853554777183e-03,-1.024350631556824025e-04,-1.016899850237072515e-02
1.340000000000000080e+00,1.541146671372545739e-04,3.141859829206345545e+00,7.721142909798302516e-04,-7.783862331415039842e-04,4.331407738983539084e-03
1.360000000000000098e+00,1.695569529568511941e-04,3.141844261481682832e+00,7.794229792183599275e-04,-1.329337298106343743e-03,6.457513687102625893e-04
1.380000000000000115e+00,1.851454125412183938e-04,3.141817674735720711e+00,7.189368147067547394e-04,-1.863949893280412041e-03,1.846835942849439985e-02
1.400000000000000133e+00,1.995241488353534885e-04,3.141780395737855169e+00,9.864325732119405641e-04,-2.344471927432588507e-03,6.455771189907047458e-03
1.419999999999999929e+00,2.192528002995922966e-04,3.141733506299306367e+00,1.009615744677575845e-03,-2.897125553210312156e-03,-4.546224533571888680e-03
1.439999999999999947e+00,2.394451151931438102e-04,3.141675563788242087e+00,8.304850481365971945e-04,-3.411830211842128285e-03,1.353262639458772780e-02
1.459999999999999964e+00,2.560548161558757639e-04,3.141607327184005261e+00,9.950452866846939536e-04,-3.795529831397402923e-03,-1.797227783546527556e-03
1.479999999999999982e+00,2.759557218895696429e-04,3.141531416587377112e+00,8.648011318154057072e-04,-4.182039483711914515e-03,-4.420700166033860118e-04
1.500000000000000000e+00,2.932517445258777593e-04,3.141447775797702846e+00,7.704638307838841639e-04,-4.442837630009553035e-03,-3.448460891836656588e-03
1.520000000000000018e+00,3.086610211415554165e-04,3.141358919045102560e+00,6.294649606149727017e-04,-4.587015349781477930e-03,-6.737134182043924731e-03
1.540000000000000036e+00,3.212503203538548554e-04,3.141267178738107013e+00,4.411890119602757945e-04,-4.591780501402929759e-03,-2.896703212709604309e-03
1.560000000000000053e+00,3.300741005930603821e-04,3.141175343128078890e+00,3.392819894454598972e-04,-4.436387966811092959e-03,-1.751373760347216041e-03
1.580000000000000071e+00,3.368597403819695540e-04,3.141086615368742674e+00,2.665436369216257913e-04,-4.157930546872951223e-03,1.419390793281441639e-02
1.600000000000000089e+00,3.421906131204020796e-04,3.141003456757805345e+00,4.881002214067886201e-04,-3.772391875180017371e-03,3.748889493324931727e-03
1.620000000000000107e+00,3.519526175485378542e-04,3.140928008920301551e+00,4.975928746201598680e-04,-3.407230289651513519e-03,-1.603854502841846710e-04
1.640000000000000124e+00,3.619044750409410689e-04,3.140859864314508698e+00,4.341844138408896192e-04,-2.981724005411396858e-03,-1.622734883874605086e-02
1.660000000000000142e+00,3.705881633177588765e-04,3.140800229834400437e+00,8.506218129459365606e-05,-2.472996587337358311e-03,1.437568948276115623e-02
1.679999999999999938e+00,3.722894069436507463e-04,3.140750769902653783e+00,3.231136344218133501e-04,-1.771589141051741964e-03,-6.182590697205057537e-03
1.699999999999999956e+00,3.787516796320870242e-04,3.140715338119832722e+00,1.650507980169085766e-04,-1.130754833806227929e-03,-1.430069075170178894e-02
1.719999999999999973e+00,3.820526955924252060e-04,3.140692723023156496e+00,-1.249938318920065349e-04,-3.991566983731365675e-04,-1.995451770974921227e-02
1.739999999999999991e+00,3.795528189545850964e-04,3.140684739889188837e+00,-4.892786168673714199e-04,4.652248269482151758e-04,-7.058355365559513964e-04
1.760000000000000009e+00,3.697672466172376572e-04,3.140694044385727857e+00,-4.695004386213439177e-04,1.478614166293436109e-03,-3.540865764624000211e-03
1.780000000000000027e+00,3.603772378448107908e-04,3.140723616669053531e+00,-5.026309508954541778e-04,2.465607054691386271e-03,8.444002724796138837e-03
1.800000000000000044e+00,3.503246188269017246e-04,3.140772928810147580e+00,-3.148970454916229103e-04,3.430092024393842452e-03,-9.284261320252611138e-03
1.820000000000000062e+00,3.440266779170692577e-04,3.140841530650635427e+00,-4.654123864738801968e-04,4.263403183246063967e-03,-1.246045164703176236e-02
1.840000000000000080e+00,3.347184301875916743e-04,3.140926798714300361e+00,-6.573960612645595933e-04,5.088981122010528650e-03,5.113140445825252109e-03
1.860000000000000098e+00,3.215705089623004998e-04,3.141028578336740651e+00,-5.109105373525795867e-04,5.909067470348508024e-03,-2.041943388561596583e-03
1.880000000000000115e+00,3.113522982152489189e-04,3.141146759686147760e+00,-5.063901835278535133e-04,6.569253394211067160e-03,3.470239413562055657e-03
1.900000000000000133e+00,3.012244945446918747e-04,3.141278144754032109e+00,-4.004126164790893492e-04,7.114918122182633392e-03,1.186544125794130808e-02
1.919999999999999929e+00,2.932162422151100628e-04,3.141420443116475614e+00,-1.505056113452369628e-04,7.493481045900632874e-03,-3.918450823459747843e-03
1.939999999999999947e+00,2.902061299882053051e-04,3.141570312737393511e+00,-2.082635997862801122e-04,7.637354857649814727e-03,2.921501653565055875e-04
1.959999999999999964e+00,2.860408579924796817e-04,3.141723059834546472e+00,-1.815960656162443046e-04,7.668925361039150880e-03,7.577282368588502889e-03
1.979999999999999982e+00,2.824089366801547690e-04,3.141876438341767219e+00,-2.307354756713415954e-05,7.551896316722303548e-03,-6.964832536857646673e-03
2.000000000000000000e+00,2.819474657288120723e-04,3.142027476268101527e+00,-1.407086240576334996e-04,7.232727554065665303e-03,2.717806634656801633e-03
2.020000000000000018e+00,2.791332932476593763e-04,3.142172130819183007e+00,-6.907790876373183086e-05,6.829417203066657192e-03,3.484096740373211418e-03
2.040000000000000036e+00,2.777517350723847605e-04,3.142308719163244390e+00,1.179486574935254071e-05,6.270462670765386028e-03,3.391320606222838173e-03
2.060000000000000053e+00,2.779876323873717910e-04,3.142434128416659700e+00,8.529089872901100312e-05,5.560818333160318268e-03,9.749325556809032784e-04
2.080000000000000071e+00,2.796934503619520162e-04,3.142545344783322925e+00,1.098535366882838683e-04,4.715037478518874746e-03,1.019748122898915532e-02
2.100000000000000089e+00,2.818905210957177096e-04,3.142639645532893322e+00,3.006839271433262451e-04,3.767409544662387449e-03,-2.632197864687781629e-03
2.120000000000000107e+00,2.879041996385842150e-04,3.142714993723786598e+00,2.420450003950305566e-04,2.665523392680418935e-03,2.077243143669853676e-03
2.140000000000000124e+00,2.927450996464848196e-04,3.142768304191640105e+00,2.754587161438263872e-04,1.530823866120921894e-03,7.610794815483708058e-03
2.160000000000000142e+00,2.982542739693613246e-04,3.142798920668962381e+00,4.064660009323918261e-04,3.454880699250300908e-04,9.925325961458409882e-03
2.180000000000000160e+00,3.063835939880091394e-04,3.142805830430360992e+00,5.668647934076035452e-04,-9.098377820535180106e-04,9.274777945153750078e-03
2.200000000000000178e+00,3.177208898561612103e-04,3.142787633674720027e+00,6.996957410109300949e-04,-2.225286586008723248e-03,2.150189499834726653e-02
2.220000000000000195e+00,3.317148046763798252e-04,3.142743127943000037e+00,1.040323793577740529e-03,-3.566304919422660577e-03,-1.288361430102334670e-02
2.240000000000000213e+00,3.525212805479346640e-04,3.142671801844611590e+00,7.242258882488031768e-04,-4.994785595750610152e-03,-1.107708495762250262e-03
2.260000000000000231e+00,3.670057983129107319e-04,3.142571906132696657e+00,6.507202146918137286e-04,-6.214870396529631122e-03,1.084243096436825204e-02
2.280000000000000249e+00,3.800202026067469826e-04,3.142447608724765917e+00,7.988026240264122901e-04,-7.302932332383427899e-03,5.947344932379992899e-03
2.300000000000000266e+00,3.959962550872752176e-04,3.142301550078118400e+00,8.414997082095326862e-04,-8.329728022226590145e-03,2.021183045982355257e-03
2.319999999999999840e+00,4.128262492514658561e-04,3.142134955517673855e+00,8.062949149232038646e-04,-9.232836320295341806e-03,-1.934437854765543030e-02
2.339999999999999858e+00,4.289521475499299247e-04,3.141950298791267748e+00,3.847978685973341226e-04,-9.962922178944986357e-03,3.464776619543148695e-03
2.359999999999999876e+00,4.366481049218766180e-04,3.141751040347688928e+00,4.141258753825501353e-04,-1.034604879508924276e-02,-1.643708170373901073e-02
2.379999999999999893e+00,4.449306224295276348e-04,3.141544119371787236e+00,7.689176292512405614e-05,-1.055845868757239632e-02,1.458232391525737977e-02
2.399999999999999911e+00,4.464684576880301029e-04,3.141332950198035601e+00,3.305828306397971795e-04,-1.044366039381436871e-02,2.482929960312979783e-03
2.419999999999999929e+00,4.530801143008260389e-04,3.141124076990159164e+00,3.369072598236811842e-04,-1.024477929799971938e-02,5.234306239411313892e-03
2.439999999999999947e+00,4.598182594972996464e-04,3.140919181404199012e+00,3.889212361723705857e-04,-9.862667016931007252e-03,1.406377803186162866e-02
2.459999999999999964e+00,4.675966842207470364e-04,3.140721928063860524e+00,5.922825909671237260e-04,-9.321508166480450136e-03,2.302859045415482642e-02
2.479999999999999982e+00,4.794423360400895348e-04,3.140535497900530881e+00,9.348056324084436791e-04,-8.692125875230537549e-03,-6.817420327383303877e-03
2.500000000000000000e+00,4.981384486882583888e-04,3.140361655383026473e+00,7.005500472640664462e-04,-8.042582734438726358e-03,1.261150130935861056e-02
2.520000000000000018e+00,5.121494496335397568e-04,3.140200803728337764e+00,8.380651404057840384e-04,-7.146451769241273823e-03,1.205069214514226626e-02
2.540000000000000036e+00,5.289107524416554809e-04,3.140057874692952833e+00,9.494303825066971285e-04,-6.171151542982246559e-03,4.504951213932229664e-03
2.560000000000000053e+00,5.478993600917894148e-04,3.139934451662093284e+00,9.110813456237729828e-04,-5.122799596500118326e-03,-1.292576092372698174e-02
2.580000000000000071e+00,5.661209870042649200e-04,3.139831995670163245e+00,5.590622547721559900e-04,-3.957935706276142704e-03,-1.878113297602859721e-03
2.600000000000000089e+00,5.773022320997080745e-04,3.139752836956037907e+00,4.399127157142922336e-04,-2.567140661404332218e-03,-9.594154314047599261e-03
2.620000000000000107e+00,5.861004864139939246e-04,3.139701494142809857e+00,1.916534417770932768e-04,-1.069621497739125940e-03,-4.593395796722283750e-03
2.640000000000000124e+00,5.899335552495357533e-04,3.139680101712855276e+00,5.758869072113669105e-05,5.618426932918806158e-04,-2.561755932425940907e-03
2.660000000000000142e+00,5.910853290639584649e-04,3.139691338566721335e+00,-2.665844049835239509e-05,2.251930778973457864e-03,1.177659277900373024e-02
2.680000000000000160e+00,5.905521602539914395e-04,3.139736377182300586e+00,1.573757452025871550e-04,3.950228131036313817e-03,5.497535788208591720e-03
2.700000000000000178e+00,5.936996751580431294e-04,3.139815381744921474e+00,2.108331318944670063e-04,5.515599665237379441e-03,1.190383105343064025e-02
2.720000000000000195e+00,5.979163377959324874e-04,3.139925693738226276e+00,3.766522415184884749e-04,6.972676616956738870e-03,-1.734049257433837796e-02
2.740000000000000213e+00,6.054493826263022613e-04,3.140065147270565404e+00,-9.723704375796623535e-07,8.247953864128127269e-03,6.888192382415936170e-03
2.760000000000000231e+00,6.054299352175506388e-04,3.140230106347848160e+00,9.948474860195355006e-05,9.541209290926985775e-03,-4.372415159710312839e-03
2.780000000000000249e+00,6.074196301895897409e-04,3.140420930533666777e+00,-1.068516166185760343e-05,1.063212872100363811e-02,-1.314073692558071806e-02
2.800000000000000266e+00,6.072059269563525891e-04,3.140633573108086996e+00,-2.653789623323775013e-04,1.158628372455008763e-02,1.926082560942557345e-03
2.819999999999999840e+00,6.018983477097050120e-04,3.140865298782578030e+00,-2.186722892913222575e-04,1.244504080876504028e-02,8.440594872466365695e-03
2.839999999999999858e+00,5.975249019238785663e-04,3.141114199598753487e+00,-5.453141993723903186e-05,1.306787855591628848e-02,-4.260191896396145657e-03
2.859999999999999876e+00,5.964342735251338193e-04,3.141375557169871602e+00,-1.320151253118108706e-04,1.339318734739620986e-02,6.288572212936363072e-03
2.879999999999999893e+00,5.937939710188975704e-04,3.141643420916819363e+00,-6.495472513145687582e-06,1.351235085629168969e-02,-5.332836684315679296e-03
2.899999999999999911e+00,5.936640615686346713e-04,3.141913667933945220e+00,-9.905835528989616258e-05,1.333777109307184364e-02,1.061665500656835785e-02
2.919999999999999929e+00,5.916828944628367559e-04,3.142180423355806607e+00,1.106764786085459113e-04,1.296015412262898486e-02,1.105227389192411404e-02
2.939999999999999947e+00,5.938964240350076348e-04,3.142439626438259026e+00,3.122381903288390078e-04,1.225993397065548891e-02,5.869078916273613201e-03
2.959999999999999964e+00,6.001411878415844085e-04,3.142684825117671998e+00,4.045294832654914153e-04,1.125039848782267808e-02,-8.292423570463504715e-03
2.979999999999999982e+00,6.082317775068942466e-04,3.142909833087428328e+00,2.354163827962416555e-04,9.992183071106549436e-03,4.324458848362194830e-04
3.000000000000000000e+00,6.129401051628190688e-04,3.143109676748850667e+00,2.443428603438429201e-04,8.613699405603142054e-03,-1.566163730316375013e-02
3.020000000000000018e+00,6.178269623696959001e-04,3.143281950736962926e+00,-3.580375137613730314e-05,7.065270603318448382e-03,1.841549704426408748e-03
3.040000000000000036e+00,6.171108873421731877e-04,3.143423256149029399e+00,3.089868612065986824e-05,5.492609137841523645e-03,1.437252782382561272e-03
3.060000000000000053e+00,6.177288610645863915e-04,3.143533108331786341e+00,8.586449032546496652e-05,3.780733046481301977e-03,-1.237648081983764616e-02
3.080000000000000071e+00,6.194461508710957321e-04,3.143608722992715876e+00,-1.130483690070273328e-04,1.964080365555786155e-03,-1.638605577641846908e-03
3.100000000000000089e+00,6.171851834909551984e-04,3.143648004600026802e+00,-9.719946018806696305e-05,1.791894059448057193e-04,-9.478049856238790483e-03
3.120000000000000107e+00,6.152411942871938502e-04,3.143651588388145512e+00,-2.244686261696185090e-04,-1.630183575970680114e-03,-9.381964538681506968e-03
3.140000000000000124e+00,6.107518217638015180e-04,3.143618984716626041e+00,-3.378290943919708502e-04,-3.372679048758374029e-03,1.024499820794400745e-02
3.160000000000000142e+00,6.039952398759620500e-04,3.143551531135651000e+00,-8.570084702409736877e-05,-5.022104946957674058e-03,1.143098941859889590e-02
3.180000000000000160e+00,6.022812229354800560e-04,3.143451089036711998e+00,1.618073924656464931e-04,-6.698783391448339709e-03,-3.546102168954307337e-03
3.200000000000000178e+00,6.055173707847930293e-04,3.143317113368882865e+00,1.120072040801484511e-04,-8.370927772249535381e-03,-4.758637226211825770e-03
3.220000000000000195e+00,6.077575148663960473e-04,3.143149694813438089e+00,4.255364044421877342e-05,-9.885816189128317569e-03,-1.178614579427876216e-02
3.240000000000000213e+00,6.086085876752804665e-04,3.142951978489655573e+00,-1.504291738423955494e-04,-1.120682685768909469e-02,1.601733681968290149e-02
3.260000000000000231e+00,6.056000041984325923e-04,3.142727841952501766e+00,1.751520694994405784e-04,-1.225759308202341823e-02,1.928834234706391579e-02
3.280000000000000249e+00,6.091030455884214375e-04,3.142482690090861119e+00,5.241349613882620700e-04,-1.323087206920355550e-02,-1.042350842797789938e-02
3.300000000000000266e+00,6.195857448161866702e-04,3.142218072649476834e+00,2.968493755835476238e-04,-1.411825538781936312e-02,4.589405737941989159e-03
3.320000000000000284e+00,6.255227323278576357e-04,3.141935707541720468e+00,3.588994763710960873e-04,-1.466536283574406373e-02,4.846429383374526757e-03
3.339999999999999858e+00,6.327007218552795813e-04,3.141642400285005632e+00,4.146605621592633307e-04,-1.497888996149501772e-02,1.164298462804274834e-02
3.359999999999999876e+00,6.409939330984648891e-04,3.141342822485775788e+00,5.829808727617968389e-04,-1.504866619486715067e-02,-1.398278381046965183e-02
3.379999999999999893e+00,6.526535505537008281e-04,3.141041849161878563e+00,2.659016162218256021e-04,-1.491791799624476306e-02,1.465295589309536725e-02
3.399999999999999911e+00,6.579715828781373911e-04,3.140743490801953808e+00,4.931013894705307170e-04,-1.438707037687779119e-02,4.474918459172397625e-03
3.419999999999999929e+00,6.678336106675480510e-04,3.140455749394416074e+00,5.089050841269037199e-04,-1.368688465252177085e-02,-5.105481250282158101e-03
3.439999999999999947e+00,6.780117123500861015e-04,3.140182011701365461e+00,3.450051577577183007e-04,-1.274138920517687082e-02,-3.556480337267346054e-02
3.459999999999999964e+00,6.849118155052404469e-04,3.139927183917261999e+00,-3.586919635383989283e-04,-1.149151657684470938e-02,-1.050055473957710664e-02
3.479999999999999982e+00,6.777379762344724716e-04,3.139697353585725104e+00,-5.439827610941108411e-04,-9.734525097774419586e-03,6.035554930610400638e-03
3.500000000000000000e+00,6.668583210125903068e-04,3.139502663083769463e+00,-4.153975973416276259e-04,-7.711598155018341977e-03,-1.507381771090622602e-02
3.520000000000000018e+00,6.585503690657577066e-04,3.139348431120668970e+00,-6.844163095994160650e-04,-5.586425011004534855e-03,-1.367576331684517733e-02
3.540000000000000036e+00,6.448620428737693745e-04,3.139236702620448849e+00,-9.040510903344171467e-04,-3.232376241807508391e-03,-1.595245010558988055e-02
3.560000000000000053e+00,6.267810210670809968e-04,3.139172055095612812e+00,-1.144886851830351823e-03,-7.102610665436128595e-04,-2.454784404899704696e-03
3.580000000000000071e+00,6.038832840304739907e-04,3.139157849874282036e+00,-1.118483743046772092e-03,1.944739551154481012e-03,1.692175206476478899e-02
3.600000000000000089e+00,5.815136091695385706e-04,3.139196744665305072e+00,-7.436697051437909847e-04,4.575811258861762695e-03,1.004781915434047566e-02
3.620000000000000107e+00,5.666402150666627032e-04,3.139288260890482185e+00,-5.287820416089488102e-04,6.991731016787287867e-03,-5.274742230920515147e-03
3.640000000000000124e+00,5.560645742344837422e-04,3.139428095510818029e+00,-6.102709600242382706e-04,9.213210813865340895e-03,8.534417730484269299e-03
3.660000000000000142e+00,5.438591550339989290e-04,3.139612359727095292e+00,-4.310548898406144384e-04,1.132098167551110271e-02,3.475554663784912075e-04
3.680000000000000160e+00,5.352380572371866164e-04,3.139838779360605514e+00,-4.140490182778666260e-04,1.316866254259655561e-02,8.663963969333960541e-03
3.700000000000000178e+00,5.269570768716292774e-04,3.140102152611457420e+00,-2.439972008789443941e-04,1.478781346695338082e-02,1.192388988724045473e-02
3.720000000000000195e+00,5.220771328540503749e-04,3.140397908880796507e+00,-2.680649165784433391e-05,1.608432342849181948e-02,-5.446389635892742373e-03
3.740000000000000213e+00,5.215410030208934714e-04,3.140719595349366511e+00,-1.400350392108639362e-04,1.701273706396915289e-02,-2.510622874243326284e-03
3.760000000000000231e+00,5.187403022366761807e-04,3.141059850090645700e+00,-1.834424955869962148e-04,1.768961810590824121e-02,1.164874637608199169e-02
3.780000000000000249e+00,5.150714523249362705e-04,3.141413642452763888e+00,3.957903403162220109e-05,1.807196227943313679e-02,9.433923527594597551e-05
3.800000000000000266e+00,5.158630330055687411e-04,3.141775081698352512e+00,3.770187292255879828e-05,1.804055087533573340e-02,-3.911600751945900831e-03
3.820000000000000284e+00,5.166170704640199582e-04,3.142135892715859136e+00,-3.039786511732358389e-05,1.768528902766699010e-02,6.710923403171622538e-03
3.839999999999999858e+00,5.160091131616734985e-04,3.142489598496412295e+00,1.064811361725989528e-04,1.703723636616930048e-02,-1.265233604213845259e-02
3.859999999999999876e+00,5.181387358851254239e-04,3.142830343223735667e+00,-1.146610165438929701e-04,1.602104174155287789e-02,9.772400858630602913e-03
3.879999999999999893e+00,5.158455155542475325e-04,3.143150764058566526e+00,9.731319473032281741e-05,1.479966449144467892e-02,-1.097069994158614802e-02
3.899999999999999911e+00,5.177917794488539607e-04,3.143446757348395515e+00,-8.171952969078397295e-05,1.321468479813064402e-02,-6.347426542390089202e-03
3.919999999999999929e+00,5.161573888550382823e-04,3.143711051044358218e+00,-1.548476143012048512e-04,1.145288675696681108e-02,-8.907544471512231915e-03
3.939999999999999947e+00,5.130604365690141994e-04,3.143940108779497589e+00,-2.630222803796521298e-04,9.500805002657789974e-03,-8.602689083629650249e-03
3.959999999999999964e+00,5.077999909614211785e-04,3.144130124879550792e+00,-3.515881559635297519e-04,7.406426199308998801e-03,1.172100139785603630e-02
3.979999999999999982e+00,5.007682278421505965e-04,3.144278253403537171e+00,-6.077629781984497312e-05,5.198196496846330117e-03,1.610232514514380389e-02
4.000000000000000000e+00,4.995527018857537317e-04,3.144382217333474117e+00,2.830186627367924806e-04,2.758415272418698449e-03,-5.081895134673232103e-03
4.020000000000000462e+00,5.052130751404895499e-04,3.144437385638922500e+00,2.110521562702317652e-04,1.071320281978717891e-04,1.276803703578066607e-02
4.040000000000000036e+00,5.094341182658941635e-04,3.144439528279486584e+00,4.696790447177139343e-04,-2.538205640403074729e-03,2.884013267900935752e-03
4.060000000000000497e+00,5.188276991602484931e-04,3.144388764166678563e+00,5.236608393064427162e-04,-5.266366217746719716e-03,-3.082614313287020905e-03
4.080000000000000071e+00,5.293009159463773561e-04,3.144283436842323809e+00,4.630022155345606951e-04,-7.944592884666075092e-03,-7.833616691371819013e-03
4.099999999999999645e+00,5.385609602570685158e-04,3.144124544984630454e+00,3.200000777560003951e-04,-1.047705021745395752e-02,3.020113687165291300e-03
4.120000000000000107e+00,5.449609618121885280e-04,3.143915003980281231e+00,3.842940713134949623e-04,-1.278301577360369326e-02,1.343432210928189718e-03
4.139999999999999680e+00,5.526468432384583958e-04,3.143659343664809036e+00,4.079861802118233760e-04,-1.490466724235307502e-02,-6.485793255488870625e-03
4.160000000000000142e+00,5.608065668426948092e-04,3.143361250319962164e+00,2.829282116257693705e-04,-1.678561400741251236e-02,-1.153547172445791059e-02
4.179999999999999716e+00,5.664651310752101933e-04,3.143025538039813771e+00,7.330074133427767649e-05,-1.832871464412829873e-02,6.936445762211374162e-03
4.200000000000000178e+00,5.679311459018957431e-04,3.142658963746931100e+00,2.125735815193747808e-04,-1.946851436677864144e-02,-3.793204855630738677e-03
4.219999999999999751e+00,5.721826175322831942e-04,3.142269593459595445e+00,1.376000623739084849e-04,-2.032512782799900108e-02,-7.085051629050692808e-03
4.240000000000000213e+00,5.749346187797614062e-04,3.141863090903035616e+00,3.624609929949433205e-06,-2.079246315526506877e-02,1.395939901949697255e-02
4.259999999999999787e+00,5.750071109783603911e-04,3.141447241639930166e+00,2.567212557071166246e-04,-2.083452348542353186e-02,-9.248507786972243877e-03
4.280000000000000249e+00,5.801415360925026932e-04,3.141030551170221674e+00,5.793706512372063643e-05,-2.060675494219116680e-02,-1.720640030529583392e-02
4.299999999999999822e+00,5.813002773949770864e-04,3.140618416071377705e+00,-2.724728963842886842e-04,-1.992467085350338452e-02,-7.590885752443976391e-03
4.320000000000000284e+00,5.758508194672912629e-04,3.140219922654307716e+00,-4.033758653087011906e-04,-1.874247642313514248e-02,1.239204665475881345e-02
4.339999999999999858e+00,5.677833021611172889e-04,3.139845073125845154e+00,-1.662844555348685026e-04,-1.715954293374374884e-02,2.433223236691854901e-03
4.360000000000000320e+00,5.644576130504198701e-04,3.139501882267170085e+00,-1.386888200267523776e-04,-1.535283429514359109e-02,-1.653666633094515864e-02
4.379999999999999893e+00,5.616838366498847846e-04,3.139194825581267168e+00,-4.626488776764613132e-04,-1.326663190584990125e-02,-4.324966214676785430e-03
4.400000000000000355e+00,5.524308590963555995e-04,3.138929492943150379e+00,-5.387027091317468739e-04,-1.079111142508418913e-02,2.547434560358031660e-02
4.419999999999999929e+00,5.416568049137206967e-04,3.138713670714648796e+00,-7.194255986657461990e-05,-8.069748383488485610e-03,-7.887900426250385238e-04
4.440000000000000391e+00,5.402179537163892369e-04,3.138552275746978815e+00,-1.293627577451161100e-04,-5.373395478275711998e-03,4.426726166608664116e-03
4.459999999999999964e+00,5.376306985614869634e-04,3.138444807837413197e+00,-8.899691982691126653e-05,-2.534529201123720751e-03,9.381788916049000823e-03
4.480000000000000426e+00,5.358507601649487159e-04,3.138394117253390903e+00,3.582012116490256655e-05,3.566642796404752985e-04,-4.626319752537014739e-03
4.500000000000000000e+00,5.365671625882467407e-04,3.138401250538983778e+00,-1.054595556488268845e-04,3.213768059039239303e-03,7.571228041423207905e-03
4.520000000000000462e+00,5.344579714752702463e-04,3.138465525900164366e+00,-1.149060793427677217e-05,6.094914162215938486e-03,-2.589761772003151830e-03
4.540000000000000036e+00,5.342281593165847543e-04,3.138587424183408636e+00,-1.090215767019808599e-04,8.851447931406294239e-03,-9.506218375564987402e-03
4.560000000000000497e+00,5.320477277825451769e-04,3.138764453142036892e+00,-3.196508060758866394e-04,1.151175016358435554e-02,-6.912035680964397251e-04
4.580000000000000071e+00,5.256547116610274907e-04,3.138994688145308576e+00,-3.466442030658285398e-04,1.407386907862011316e-02,1.083199629722208027e-02
4.600000000000000533e+00,5.187218275997109666e-04,3.139276165526880824e+00,-1.580475385831045466e-04,1.641522019239334204e-02,1.160706441189286557e-03
4.620000000000000107e+00,5.155608768280488382e-04,3.139604469930728836e+00,-1.577613991408591948e-04,1.840294457692432870e-02,1.422526626942224393e-03
4.639999999999999680e+00,5.124056488452316234e-04,3.139972528822267517e+00,-1.468466956999553094e-04,2.007605930985425016e-02,-1.241042227062881358e-02
4.660000000000000142e+00,5.094687149312324961e-04,3.140374050008464479e+00,-3.808649200729109438e-04,2.139747394460747576e-02,-9.331472058108521844e-03
4.679999999999999716e+00,5.018514165297743119e-04,3.140801999487356611e+00,-5.292408681564025018e-04,2.244156493765411473e-02,7.774175801817322746e-04
4.700000000000000178e+00,4.912665991666462792e-04,3.141250830786109560e+00,-4.726967707588265429e-04,2.315197960741915972e-02,9.946716564512495320e-03
4.719999999999999751e+00,4.818126637514697224e-04,3.141713870378258111e+00,-2.479792082207078795e-04,2.342869973286949500e-02,-1.338750150373836482e-02
4.740000000000000213e+00,4.768530795870555431e-04,3.142182444372915384e+00,-4.597306494101219146e-04,2.319375574050367914e-02,-1.172885429193928474e-03
4.759999999999999787e+00,4.676584665988531156e-04,3.142646319487725659e+00,-4.217974297181548995e-04,2.262720889233827901e-02,1.154426473158240082e-02
4.780000000000000249e+00,4.592225180044900122e-04,3.143098863665572562e+00,-1.496294775728997648e-04,2.163356326983536040e-02,-9.433538425964562227e-03
4.799999999999999822e+00,4.562299284530320115e-04,3.143531534930969151e+00,-2.763242625506006104e-04,2.013050299942954063e-02,8.651344857480862405e-03
4.820000000000000284e+00,4.507034432020200036e-04,3.143934144990957691e+00,-5.622736236115543382e-05,1.830541049676061988e-02,-4.295639131151045287e-03
4.839999999999999858e+00,4.495788959547969096e-04,3.144300253200893014e+00,-8.552994332297244315e-05,1.604538116600655664e-02,7.056656523063423864e-03
4.860000000000000320e+00,4.478682970883374670e-04,3.144621160824212946e+00,9.930411299883855423e-05,1.349035760389182166e-02,4.801251171500226758e-04
4.879999999999999893e+00,4.498543793483142286e-04,3.144890967976290863e+00,1.519849742415950314e-04,1.059551016290042127e-02,-6.512384414557278664e-03
4.900000000000000355e+00,4.528940788331461379e-04,3.145102878179548700e+00,7.697398265605270243e-05,7.464575010053005506e-03,-1.035381076940726508e-02
4.919999999999999929e+00,4.544335584862671789e-04,3.145252169679749965e+00,-5.723020098404618433e-05,4.204556399130233123e-03,-1.689071045234344099e-04
4.940000000000000391e+00,4.532889544665862666e-04,3.145336260807732653e+00,7.973987969314336567e-06,8.974435254569881892e-04,2.017645214105678268e-03
4.959999999999999964e+00,4.534484342259725745e-04,3.145354209678241642e+00,1.072007721405991433e-04,-2.479932596794636509e-03,-1.719725842744452768e-02
4.980000000000000426e+00,4.555924496687845733e-04,3.145304611026305874e+00,-1.514064941463832970e-04,-5.881508947098558135e-03,1.616091627803551171e-03
5.000000000000000000e+00,4.525643197858568922e-04,3.145186980847364033e+00,-4.564680189407801180e-05,-9.098693243352978105e-03,-4.386927621701604794e-03
5.020000000000000462e+00,4.516513837479753076e-04,3.145005006982497076e+00,-6.146793300066004709e-05,-1.222242064174848021e-02,1.335746965987922967e-02
5.040000000000000036e+00,4.504220250879621083e-04,3.144760558569662301e+00,2.418083157658523351e-04,-1.514557146877805287e-02,4.765964517719835022e-03
5.060000000000000497e+00,4.552581914032791284e-04,3.144457647140286749e+00,3.552501230699381266e-04,-1.794557195738157029e-02,7.212329226375225819e-03
5.080000000000000071e+00,4.623631938646778692e-04,3.144098735701139180e+00,4.962497716763716047e-04,-2.049276599208839714e-02,-1.128038293454177929e-02
5.100000000000000533e+00,4.722881892982053274e-04,3.143688880381297235e+00,2.821827133972775207e-04,-2.275068718420381053e-02,1.100346723337187853e-02
5.120000000000000107e+00,4.779318435661508669e-04,3.143233866637613172e+00,4.850667788150407047e-04,-2.452985490167489124e-02,-5.326592055885454036e-03
5.139999999999999680e+00,4.876331791424516984e-04,3.142743269539579831e+00,3.644974564258904944e-04,-2.596634795961042658e-02,-1.009443246722779635e-03
5.160000000000000142e+00,4.949231282709695614e-04,3.142223942580387508e+00,3.252994060129755496e-04,-2.689809759305039974e-02,2.080620791230523630e-04
5.179999999999999716e+00,5.014291163912290789e-04,3.141685980628526664e+00,3.030168162240424838e-04,-2.733775103594323838e-02,1.473447952208154985e-02
5.200000000000000178e+00,5.074894527157099372e-04,3.141139225607807894e+00,5.366833574506370535e-04,-2.728029109577823769e-02,6.195687330356730756e-03
5.219999999999999751e+00,5.182231198647226957e-04,3.140593619785892354e+00,5.837062893931431549e-04,-2.682824476236709763e-02,-5.016329822657149794e-03
5.240000000000000213e+00,5.298972456525856065e-04,3.140057054890645016e+00,4.140319598033573236e-04,-2.590953713166377695e-02,-3.179258822713280658e-03
5.259999999999999787e+00,5.381778848486527171e-04,3.139538864148011754e+00,2.852896379072353749e-04,-2.444746014831115921e-02,2.896181494189273981e-03
5.280000000000000249e+00,5.438836776067973834e-04,3.139049914945045483e+00,2.706098155642370725e-04,-2.248069160909819952e-02,8.828932727198779765e-03
5.299999999999999822e+00,5.492958739180820978e-04,3.138600301112863367e+00,3.568473003319448948e-04,-2.008746608144795776e-02,5.840384716291671489e-03
5.320000000000000284e+00,5.564328199247210423e-04,3.138198551791234525e+00,3.733917195397356181e-04,-1.734893108566335287e-02,-6.722039961378331943e-03
5.339999999999999858e+00,5.639006543155157146e-04,3.137851573169521124e+00,1.546264082041598931e-04,-1.428276595878332292e-02,-2.554428402317095084e-03
5.360000000000000320e+00,5.669931824795989336e-04,3.137565917850345443e+00,2.737861067689833952e-05,-1.084433516614728352e-02,-4.698219392232531183e-03
5.379999999999999893e+00,5.675407546931369269e-04,3.137349031147022682e+00,-1.304380652924909509e-04,-7.130141934818532042e-03,-1.637830793406465021e-02
5.400000000000000355e+00,5.649319933872871046e-04,3.137206428308326522e+00,-4.872435717402330080e-04,-3.192111102813201609e-03,5.875649990678123887e-03
5.419999999999999929e+00,5.551871219524824640e-04,3.137142586086270057e+00,-4.080312185991397090e-04,9.829287507836124635e-04,4.607898514727346712e-03
5.440000000000000391e+00,5.470264975804996340e-04,3.137162244661285904e+00,-3.598246793623239540e-04,5.142031658411245695e-03,7.215101931445923019e-04
5.459999999999999964e+00,5.398300039932531430e-04,3.137265085294453915e+00,-3.855852335541571632e-04,9.223068162493195180e-03,-8.038648723835970997e-03
5.480000000000000426e+00,5.321182993221699586e-04,3.137449546657703703e+00,-5.649129437717125696e-04,1.318250872647288435e-02,-1.127350609730595928e-02
5.500000000000000000e+00,5.208200404467356595e-04,3.137713196832233375e+00,-7.814222699777401832e-04,1.701149708025699592e-02,-9.095231854173286418e-03
5.520000000000000462e+00,5.051915950471809035e-04,3.138053426773838694e+00,-9.321772948651546077e-04,2.065546079335213100e-02,6.066206680865035344e-04
5.540000000000000036e+00,4.865480491498778027e-04,3.138466535989705708e+00,-8.861555862626272189e-04,2.402026643108760851e-02,1.675166752325686279e-02
5.560000000000000497e+00,4.688249374246252388e-04,3.138946941318327521e+00,-5.447782612749882923e-04,2.696199728176504329e-02,2.486147757991679502e-02
5.580000000000000071e+00,4.579293721991254556e-04,3.139486181263962727e+00,-8.130520240580451415e-05,2.930247512003573626e-02,-1.143569335635878344e-03
5.600000000000000533e+00,4.563032681510093436e-04,3.140072230766363326e+00,-1.243181225751203262e-04,3.094423883413467691e-02,-6.547271781332506847e-03
5.620000000000000107e+00,4.538169056995069355e-04,3.140691115543046141e+00,-2.507286002854684434e-04,3.206089826894938100e-02,6.845687576572553196e-03
5.639999999999999680e+00,4.488023336937975731e-04,3.141332333508425112e+00,-1.116763801697850630e-04,3.266248149491979974e-02,-7.300722567971345243e-03
5.660000000000000142e+00,4.465688060904018908e-04,3.141985583138323435e+00,-2.313323407122388044e-04,3.262440441151487347e-02,-1.177312876872729785e-02
5.679999999999999716e+00,4.419421592761571147e-04,3.142638071226553809e+00,-4.092072108491467096e-04,3.204877608876672418e-02,1.591356973675195699e-02
5.700000000000000178e+00,4.337580150591741936e-04,3.143279046748329364e+00,-5.759140817187142223e-05,3.096559987856746868e-02,-1.818168149756637167e-02
5.719999999999999751e+00,4.326061868957367727e-04,3.143898358745900623e+00,-3.468796924815546528e-04,2.917169790547911520e-02,2.708726561757317589e-03
5.740000000000000213e+00,4.256685930461056905e-04,3.144481792704010292e+00,-2.195950258059661158e-04,2.695786160539558052e-02,8.786412605536211839e-03
5.759999999999999787e+00,4.212766925299863698e-04,3.145020949936118360e+00,1.472580674052214244e-05,2.418863663771126521e-02,-2.173959923034346833e-02
5.780000000000000249e+00,4.215712086647967921e-04,3.145504722668872599e+00,-3.178143613958782604e-04,2.086501512768772562e-02,-1.079628756853408082e-02
5.799999999999999822e+00,4.152149214368792301e-04,3.145922022971426202e+00,-4.121851607452096489e-04,1.727601597288994095e-02,8.137150598851955116e-03
5.820000000000000284e+00,4.069712182219750534e-04,3.146267543290884205e+00,-1.482068175022756285e-04,1.338579740415472494e-02,5.047574754809303586e-03
5.839999999999999858e+00,4.040070818719295473e-04,3.146535259238967264e+00,3.917281116442837574e-05,9.114013014761824377e-03,-9.824714871825816417e-03
5.860000000000000320e+00,4.047905380952181013e-04,3.146717539499262362e+00,-5.722986014104717721e-05,4.565876754074080050e-03,7.077752759256249106e-04
5.879999999999999893e+00,4.036459408923971453e-04,3.146808857034343987e+00,4.869420304215950671e-05,-6.204723487868244597e-05,6.826723468073054744e-04
5.900000000000000355e+00,4.046198249532403186e-04,3.146807616089646320e+00,1.445063149873840238e-04,-4.770660154818941005e-03,-8.406479059430324932e-03
5.919999999999999929e+00,4.075099512529880186e-04,3.146712202886549736e+00,6.554164726587189684e-05,-9.471824125865748595e-03,8.238859185007432404e-03
5.940000000000000391e+00,4.088207841983054736e-04,3.146522766404032279e+00,2.931265717815196453e-04,-1.400883052013825875e-02,9.657777916748114472e-04
5.959999999999999964e+00,4.146833156339358719e-04,3.146242589793629474e+00,3.627763965449783156e-04,-1.842521056699457371e-02,2.606267557686077138e-02
5.980000000000000426e+00,4.219388435648354545e-04,3.145874085582289759e+00,8.743626569610992924e-04,-2.257537065881276561e-02,-1.082213880049065794e-03
6.000000000000000000e+00,4.394260967040574447e-04,3.145422578169113415e+00,8.375851061338213067e-04,-2.656484699481650308e-02,1.257916100115243421e-02
6.020000000000000462e+00,4.561777988267338665e-04,3.144891281229217128e+00,1.043327001258674515e-03,-3.009438782976491325e-02,5.284685551293922742e-03
6.040000000000000036e+00,4.770443388519073438e-04,3.144289393472621708e+00,1.087283809702275584e-03,-3.319679090620018119e-02,-1.635314919495736707e-02
6.060000000000000497e+00,4.987900150459528056e-04,3.143625457654497524e+00,7.245166491109424328e-04,-3.574608377071610693e-02,2.062887406525650176e-03
6.080000000000000071e+00,5.132803480281716759e-04,3.142910535979082987e+00,7.188712246195722326e-04,-3.752407397144062046e-02,-4.398864999027724855e-03
6.100000000000000533e+00,5.276577725205630967e-04,3.142160054499654187e+00,5.843914360289720117e-04,-3.863974720906604432e-02,1.493547729741334304e-02
6.120000000000000107e+00,5.393456012411425868e-04,3.141387259555473044e+00,8.001401292068505882e-04,-3.901440182627471942e-02,-1.136446731888445406e-03
6.140000000000000568e+00,5.553484038252796354e-04,3.140606971518947521e+00,6.907323931242604666e-04,-3.877968886390505826e-02,7.153517393239390565e-03
6.160000000000000142e+00,5.691630516877648795e-04,3.139831377741669538e+00,7.289250829373914971e-04,-3.780067840887455649e-02,-4.719558339016205299e-03
6.179999999999999716e+00,5.837415533465127419e-04,3.139075364173491867e+00,5.355237936222228320e-04,-3.614974865627833961e-02,1.186690488431133656e-03
6.200000000000000178e+00,5.944520292189572029e-04,3.138352369200366088e+00,4.554545699208108417e-04,-3.375551281710112428e-02,-5.104522883683415731e-03
6.219999999999999751e+00,6.035611206173733655e-04,3.137677258944024050e+00,2.575412586557031041e-04,-3.070165445617328154e-02,1.793414515857672670e-03
6.240000000000000213e+00,6.087119457904874385e-04,3.137063225854900494e+00,1.929780858840417213e-04,-2.698902580947913285e-02,9.733611138674609642e-03
6.259999999999999787e+00,6.125715075081683168e-04,3.136523445338710747e+00,2.687507065002261606e-04,-2.273393231391983987e-02,-8.672834942235353034e-03
6.280000000000000249e+00,6.179465216381728378e-04,3.136068766692432508e+00,-4.417590783914026459e-06,-1.806633618307640007e-02,-4.458627541817401113e-04
6.299999999999999822e+00,6.178581698224946007e-04,3.135707439968770771e+00,-1.087977147211683390e-04,-1.292281990765807229e-02,3.306356419225671417e-03
6.320000000000000284e+00,6.156822155280711846e-04,3.135448983570617631e+00,-1.402222039533394468e-04,-7.461543576117219204e-03,1.555804511071026859e-02
6.339999999999999858e+00,6.128777714490043485e-04,3.135299752699095333e+00,4.982887138986271682e-05,-1.808137049221045234e-03,6.281989760972476848e-04
6.360000000000000320e+00,6.138743488768016185e-04,3.135263589958110941e+00,-5.043771226428398933e-05,3.845958192598175271e-03,-1.204580175805046449e-02
6.379999999999999893e+00,6.128655946315159911e-04,3.135340509121963048e+00,-3.698974400422969794e-04,9.518802937588305424e-03,1.192177284389650711e-02
6.400000000000000355e+00,6.054676458306700254e-04,3.135530885180714655e+00,-2.219410954724997196e-04,1.519902724294585998e-02,-1.008030740580540159e-02
6.419999999999999929e+00,6.010288239212200744e-04,3.135834865725573462e+00,-4.824577123591102770e-04,2.059173520500794802e-02,-7.184118999319500168e-03
6.440000000000000391e+00,5.913796696740378526e-04,3.136246700429673684e+00,-6.589549775096365013e-04,2.576608391976065865e-02,1.047946504748429632e-02
6.459999999999999964e+00,5.782005701238451204e-04,3.136762022108068759e+00,-4.905490766790672388e-04,3.059263840799605894e-02,-6.183271928950003242e-04
6.480000000000000426e+00,5.683895885902637496e-04,3.137373874876228541e+00,-5.298916709638219367e-04,3.483947605313022361e-02,-5.881692611678456147e-03
6.500000000000000000e+00,5.577917551709873478e-04,3.138070664397291321e+00,-6.495370858895635263e-04,3.851113671206381900e-02,-2.230401143267682351e-02
6.520000000000000462e+00,5.448010134531960534e-04,3.138840887131532753e+00,-1.042298762378200596e-03,4.156994885841232279e-02,-5.775730796438380277e-04
6.540000000000000036e+00,5.239550382056320111e-04,3.139672286108701194e+00,-9.897982765320889609e-04,4.406856942153313667e-02,-1.034206690275040960e-02
6.560000000000000497e+00,5.041590726749902752e-04,3.140553657497132001e+00,-1.104661642358219622e-03,4.577378850386389086e-02,-2.567680187577663087e-02
6.580000000000000071e+00,4.820658398278258806e-04,3.141469133267209113e+00,-1.470659328218229317e-03,4.671740201852273011e-02,-2.132854499995642979e-03
6.600000000000000533e+00,4.526526532634612856e-04,3.142403481307579405e+00,-1.359040774236893725e-03,4.697981025049194348e-02,3.138394173763821120e-03
6.620000000000000107e+00,4.254718377787234220e-04,3.143343077512589456e+00,-1.147062282758289564e-03,4.635370445347740398e-02,8.533730718761244755e-03
6.640000000000000568e+00,4.025305921235576069e-04,3.144270151601658903e+00,-8.423619040313628115e-04,4.480164082152699595e-02,4.090828700202621925e-03
6.660000000000000142e+00,3.856833540429303354e-04,3.145166184418089372e+00,-6.324723307412149316e-04,4.230564229466975829e-02,-2.049775116256362384e-02
6.679999999999999716e+00,3.730339074281060086e-04,3.146012297263982571e+00,-8.734922768344398304e-04,3.894185567983796808e-02,-1.176232987906804944e-02
6.700000000000000178e+00,3.555640618914172294e-04,3.146791134377579180e+00,-9.191337615779228334e-04,3.494961383266777244e-02,-4.926789781696534753e-03
6.719999999999999751e+00,3.371813866598587900e-04,3.147490126654232334e+00,-8.241391666426817414e-04,3.031495662460629431e-02,7.622043873392575497e-03
6.740000000000000213e+00,3.206986033270051747e-04,3.148096425786724328e+00,-5.003049125366796019e-04,2.505794892852737654e-02,-5.394368626795079244e-04
6.759999999999999787e+00,3.106925050762716044e-04,3.148597584765294943e+00,-3.465698279645066564e-04,1.917357819073805397e-02,-2.405969512980256353e-03
6.780000000000000249e+00,3.037611085169814734e-04,3.148981056329109851e+00,-2.342522394383208476e-04,1.283262229487769530e-02,2.417409732700006707e-03
6.799999999999999822e+00,2.990760637282150413e-04,3.149237708775007416e+00,-4.028035632829685261e-05,6.162416148034187760e-03,4.752939906722102210e-03
6.820000000000000284e+00,2.982704566016491248e-04,3.149360957097968150e+00,1.801255017996837560e-04,-7.535048350148024210e-04,1.013581798916327915e-02
6.839999999999999858e+00,3.018729666376428265e-04,3.149345887001267830e+00,4.772420579335604103e-04,-7.803719479033344869e-03,-6.977981153624268976e-03
6.860000000000000320e+00,3.114178077963140282e-04,3.149189812611687067e+00,4.339844636517075195e-04,-1.489426662343171226e-02,-1.178911087320245327e-02
6.879999999999999893e+00,3.200974970693481743e-04,3.148891927279218628e+00,3.039282580322715151e-04,-2.175763342856747162e-02,-4.874684050236293429e-04
6.900000000000000355e+00,3.261760622299935807e-04,3.148456774610647102e+00,3.848663648038269961e-04,-2.823272873801022098e-02,-7.201793987220704227e-03
6.919999999999999929e+00,3.338733895260701380e-04,3.147892120035886698e+00,3.278084195272313304e-04,-3.428697907288399960e-02,-1.455724866022706492e-03
6.940000000000000391e+00,3.404295579166147657e-04,3.147206380454429020e+00,3.696817830779151339e-04,-3.975113986196133348e-02,-7.958228790373897757e-03
6.959999999999999964e+00,3.478231935781730564e-04,3.146411357657189711e+00,2.771583379709432289e-04,-4.456292705359816281e-02,4.118802355513189600e-03
6.980000000000000426e+00,3.533663603375919362e-04,3.145520099116117851e+00,3.979637061211239047e-04,-4.857499065300724395e-02,1.525710615769107152e-05
7.000000000000000000e+00,3.613256344600144338e-04,3.144548599303057745e+00,4.168704615098095469e-04,-5.179660123255147575e-02,1.743930643359009255e-02
7.020000000000000462e+00,3.696630436902106302e-04,3.143512667278406614e+00,7.323088636164746482e-04,-5.412125125733940195e-02,-8.090490177516746623e-03
7.040000000000000036e+00,3.843092209625401448e-04,3.142430242253259731e+00,5.368359175649463789e-04,-5.562212036581813679e-02,1.341592044576809216e-02
7.060000000000000497e+00,3.950459393138390680e-04,3.141317799845943171e+00,7.311853163084019698e-04,-5.605465766044724629e-02,1.016673923842751704e-03
7.080000000000000071e+00,4.096696456400070988e-04,3.140196706692734097e+00,6.631948713207011167e-04,-5.556309693778077596e-02,-1.899339273568741984e-03
7.100000000000000533e+00,4.229335430664211081e-04,3.139085444753978660e+00,5.301923721416718300e-04,-5.404047005804744203e-02,-1.637190088717621964e-02
7.120000000000000107e+00,4.335373905092545512e-04,3.138004635352817928e+00,1.296967104319586496e-04,-5.147888214915893879e-02,-5.740909668887766125e-03
7.140000000000000568e+00,4.361313247178937166e-04,3.136975057709834758e+00,-5.702557866658214403e-05,-4.780547970125736956e-02,1.114429981863078976e-02
7.160000000000000142e+00,4.349908131445620542e-04,3.136018948115809390e+00,6.341122931972772373e-05,-4.316528317300181300e-02,3.502461568077495317e-03
7.179999999999999716e+00,4.362590377309565818e-04,3.135155642452349234e+00,1.842610845386666519e-05,-3.776046831360611866e-02,-1.196760334225187078e-03
7.200000000000000178e+00,4.366275599000339212e-04,3.134400433086077076e+00,-1.208347463596613324e-04,-3.161370199789743235e-02,8.669214413327413701e-03
7.219999999999999751e+00,4.342108649728406724e-04,3.133768159046119273e+00,-7.953942051543906491e-05,-2.479048306379159211e-02,5.970098527205508487e-03
7.240000000000000213e+00,4.326200765625319100e-04,3.133272349384843558e+00,-1.005804028304793033e-04,-1.748239136172189540e-02,4.505022321574096364e-03
7.259999999999999787e+00,4.306084685059223386e-04,3.132922701557609102e+00,-1.531295961386507358e-04,-9.791118269794341078e-03,-6.586027026247413688e-04
7.280000000000000249e+00,4.275458765831493158e-04,3.132726879192213154e+00,-2.985142871139408530e-04,-1.838801957759133437e-03,-1.850134221033040635e-03
7.299999999999999822e+00,4.215755908408705204e-04,3.132690103153057848e+00,-4.531104118479232818e-04,6.272026493540827988e-03,3.989357584428096862e-03
7.320000000000000284e+00,4.125133826039120797e-04,3.132815543682928805e+00,-4.860276381834288326e-04,1.440067171288556339e-02,7.295230749825041888e-04
7.339999999999999858e+00,4.027928298402435204e-04,3.133103557117186355e+00,-5.711246826479633330e-04,2.235095350191635549e-02,7.442714761690343191e-03
7.360000000000000320e+00,3.913703361872842711e-04,3.133550576187224657e+00,-5.200585320871645850e-04,3.000001019410705044e-02,3.977890644865445316e-03
7.379999999999999893e+00,3.809691655455409707e-04,3.134150576391106835e+00,-5.277420190520635190e-04,3.715167714756733436e-02,-3.136043674014162442e-03
7.400000000000000355e+00,3.704143251644997177e-04,3.134893609934058301e+00,-6.519906666780885722e-04,4.369749239399872698e-02,-6.321149885064528476e-03
7.419999999999999929e+00,3.573745118309379679e-04,3.135767559781938107e+00,-8.079845476548383433e-04,4.956284600616252950e-02,-1.852135879548582600e-03
7.440000000000000391e+00,3.412148208778411815e-04,3.136758816702061470e+00,-8.519793564566009942e-04,5.464978110333516131e-02,2.463288526113233817e-03
7.459999999999999964e+00,3.241752337487091421e-04,3.137851812324128353e+00,-7.958605247333827354e-04,5.881423893445647533e-02,2.373842167964524894e-02
7.480000000000000426e+00,3.082580232540414896e-04,3.139028097102817494e+00,-3.408641602676739909e-04,6.193249856331102532e-02,-1.180216966469568342e-02
7.500000000000000000e+00,3.014407400486880076e-04,3.140266747074083931e+00,-5.532145639114119298e-04,6.377526287697882212e-02,6.421846742485545420e-03
7.520000000000000462e+00,2.903764487704597712e-04,3.141542252331623430e+00,-3.936348189899642989e-04,6.457417579111400519e-02,-1.317321349938960174e-03
7.540000000000000036e+00,2.825037523906604917e-04,3.142833735847445631e+00,-3.680222098607004535e-04,6.415284983056868118e-02,1.603229416686486122e-02
7.560000000000000497e+00,2.751433081934465032e-04,3.144116792844056985e+00,-9.088711686409218712e-06,6.256410412240993868e-02,2.844517988328135877e-03
7.580000000000000071e+00,2.749615339597183449e-04,3.145368074926505386e+00,9.745258084583819844e-05,5.968937799591327725e-02,-1.936698400342910104e-02
7.600000000000000533e+00,2.769105855766350907e-04,3.146561862486423777e+00,-1.878444292223907562e-04,5.567381459156788698e-02,1.645494077449665901e-02
7.620000000000000107e+00,2.731536969921872647e-04,3.147675338778255227e+00,2.226337020714379538e-04,5.074192402559126597e-02,-3.762742895373998161e-04
7.640000000000000568e+00,2.776063710336160065e-04,3.148690177258766987e+00,3.062460579302187088e-04,4.468783030448569144e-02,-5.866976026463266783e-03
7.660000000000000142e+00,2.837312921922203546e-04,3.149583933864856800e+00,2.983489714570095454e-04,3.774594584709707601e-02,3.697603627771259283e-03
7.679999999999999716e+00,2.896982716213605661e-04,3.150338852781798593e+00,4.781987991648901795e-04,3.007153949986628855e-02,-6.188226589193598220e-03
7.700000000000000178e+00,2.992622476046583567e-04,3.150940283571796119e+00,4.728798105480823714e-04,2.171910169700003862e-02,-3.726023911656913337e-03
7.719999999999999751e+00,3.087198438156200215e-04,3.151374665605735981e+00,5.212890768868618701e-04,1.290959022069528006e-02,-2.201188190315259141e-02
7.740000000000000213e+00,3.191456253533572675e-04,3.151632857410149757e+00,2.396967836718878709e-04,3.775416806389425908e-03,1.008748526961966881e-02
7.759999999999999787e+00,3.239395610267950380e-04,3.151708365746277440e+00,5.693652262324037493e-04,-5.385698687692182240e-03,-6.612388356915105403e-03
7.780000000000000249e+00,3.353268655514431216e-04,3.151600651772523687e+00,5.641163134094738605e-04,-1.466142469949554931e-02,4.472916868182429985e-03
7.799999999999999822e+00,3.466091918196326075e-04,3.151307423278533637e+00,7.565196703677526131e-04,-2.374779719414667895e-02,1.777796879053192280e-02
7.820000000000000284e+00,3.617395852269876663e-04,3.150832467334650833e+00,1.164334100503968588e-03,-3.256139171209163768e-02,1.533887513179906306e-02
7.839999999999999858e+00,3.850262672370670120e-04,3.150181239500409180e+00,1.478489521560581981e-03,-4.103036421272153456e-02,-4.506841695655257340e-05
7.860000000000000320e+00,4.145960576682786668e-04,3.149360632216154698e+00,1.470902314865034496e-03,-4.896103370988131448e-02,3.923201013558709135e-03
7.879999999999999893e+00,4.440141039655793719e-04,3.148381411541957053e+00,1.520558678757521522e-03,-5.607367628047943420e-02,1.316950783890022403e-02
7.900000000000000355e+00,4.744252775407298175e-04,3.147259938016347292e+00,1.714870070390348781e-03,-6.225725677622382520e-02,5.856730594024443445e-03
7.919999999999999929e+00,5.087226789485367953e-04,3.146014792880822863e+00,1.737715521360150717e-03,-6.745261853881158454e-02,2.532345340392935708e-03
7.940000000000000391e+00,5.434769893757398487e-04,3.144665740510046437e+00,1.676139054321863298e-03,-7.148749019634596802e-02,5.476355836521613722e-03
7.959999999999999964e+00,5.769997704621771537e-04,3.143235990706119587e+00,1.650314013770531104e-03,-7.424492771062632390e-02,2.077944693338267326e-02
7.980000000000000426e+00,6.100060507375878105e-04,3.141751092151907176e+00,1.879332403853621603e-03,-7.567952747371975430e-02,1.884645588862627827e-02
8.000000000000000000e+00,6.475926988146602208e-04,3.140237501602432868e+00,2.025592484439033263e-03,-7.585970827514634807e-02,-1.004967058865240646e-03
8.019999999999999574e+00,6.881045485034408384e-04,3.138720307436929868e+00,1.772576382373716340e-03,-7.473781179798412444e-02,1.376650586039122881e-02
8.040000000000000924e+00,7.235560761509151999e-04,3.137225551200970131e+00,1.786219448678815587e-03,-7.215856880032911480e-02,1.099665939715972936e-02
8.060000000000000497e+00,7.592804651244915290e-04,3.135782379824963328e+00,1.723578607184737300e-03,-6.826634656612191876e-02,1.422434600669087758e-02
8.080000000000000071e+00,7.937520372681862576e-04,3.134417052893641031e+00,1.701789799344136231e-03,-6.308885301078488717e-02,-9.047519590292509494e-04
8.099999999999999645e+00,8.277878332550689692e-04,3.133155275833425346e+00,1.386128644847756065e-03,-5.672549175927325826e-02,-1.033854177465825912e-02
8.120000000000000995e+00,8.555104061520240949e-04,3.132020765998239753e+00,9.103855018893704416e-04,-4.915973820269542438e-02,-1.221516883859181338e-03
8.140000000000000568e+00,8.737181161898114603e-04,3.131037571234185801e+00,6.283792754508583933e-04,-4.045168207499591495e-02,-9.042413841308756181e-03
8.160000000000000142e+00,8.862857016988286022e-04,3.130228537592685711e+00,2.173416067615961721e-04,-3.082840677191335185e-02,4.947647465442244971e-03
8.179999999999999716e+00,8.906325338340605408e-04,3.129611969457247511e+00,8.780707218685799404e-05,-2.040214093080446739e-02,4.700851517281880339e-03
8.199999999999999289e+00,8.923886752777976904e-04,3.129203926638631561e+00,-4.204582315798233703e-05,-9.469813044203780061e-03,6.318084236625993826e-03
8.220000000000000639e+00,8.915477588146379900e-04,3.129014530377747683e+00,-1.348265177383972386e-04,1.776346014095975950e-03,-8.531338999798954853e-03
8.240000000000000213e+00,8.888512284598700181e-04,3.129050057298029763e+00,-4.884735743319934325e-04,1.312142607600527179e-02,-1.897032523472333421e-02
8.259999999999999787e+00,8.790817569732301733e-04,3.129312485819550016e+00,-9.938334285412055158e-04,2.446985807995896711e-02,-8.505283204296565759e-04
8.279999999999999361e+00,8.592050884024060933e-04,3.129801882981149141e+00,-1.115288885052412521e-03,3.568028196260662060e-02,1.239169940039545588e-03
8.300000000000000711e+00,8.368993107013578689e-04,3.130515488620401410e+00,-1.176719819304711430e-03,4.639171453515068821e-02,2.944728845875967550e-03
8.320000000000000284e+00,8.133649143152635970e-04,3.131443322911104499e+00,-1.187247178565503962e-03,5.638273090176083857e-02,1.637456893466160412e-02
8.339999999999999858e+00,7.896199707439535134e-04,3.132570977529139711e+00,-9.361292323399062745e-04,6.544681290564961784e-02,4.153664966296595094e-04
8.359999999999999432e+00,7.708973860971554291e-04,3.133879913787252836e+00,-9.777134611719555043e-04,7.330540484833808490e-02,-7.807514941614789386e-03
8.380000000000000782e+00,7.513431168737163450e-04,3.135346021884219514e+00,-1.140503890884183875e-03,7.992796805522120462e-02,-3.459598813465139793e-03
8.400000000000000355e+00,7.285330390560326719e-04,3.136944581245324049e+00,-1.182668485343253651e-03,8.523523372222498173e-02,-4.242853488073558554e-03
8.419999999999999929e+00,7.048796693491676162e-04,3.138649285919768328e+00,-1.206877920890071960e-03,8.907117133790146135e-02,1.091643561172379396e-03
8.439999999999999503e+00,6.807421109313662204e-04,3.140430709346526239e+00,-1.102618182136093404e-03,9.134727834695779980e-02,1.416527552531943873e-02
8.460000000000000853e+00,6.586897472886443306e-04,3.142257654913465537e+00,-7.413426506016904463e-04,9.195680921031369748e-02,-1.333339196173657926e-02
8.480000000000000426e+00,6.438628942766104826e-04,3.144096791097671595e+00,-8.821310290993125604e-04,9.076899183340209065e-02,1.178477102976574487e-02
8.500000000000000000e+00,6.262202736946241794e-04,3.145912170934339613e+00,-5.235839502354747155e-04,8.799751634705581249e-02,-2.232675455133996748e-02
8.519999999999999574e+00,6.157485946899146634e-04,3.147672121261280598e+00,-7.873536629161709266e-04,8.347314731524023423e-02,-2.594231112703853162e-02
8.540000000000000924e+00,6.000015214315912275e-04,3.149341584207585587e+00,-1.061846248948632079e-03,7.751947842285462908e-02,1.379394315763315081e-02
8.560000000000000497e+00,5.787645964526185816e-04,3.150891973776042576e+00,-5.630771726392643645e-04,7.023632815523211947e-02,-1.711104466160646726e-03
8.580000000000000071e+00,5.675030529998332726e-04,3.152296700339147328e+00,-3.688419427475389577e-04,6.142476197261961118e-02,-4.858759450528552654e-03
8.599999999999999645e+00,5.601262141448824739e-04,3.153525195578599671e+00,-2.284324436643265068e-04,5.135623344319913824e-02,4.995605130092190568e-05
8.620000000000000995e+00,5.555575652715959503e-04,3.154552320247463459e+00,6.031042733573716008e-06,4.022364125837228632e-02,-6.743975278328326675e-03
8.640000000000000568e+00,5.556781861262673813e-04,3.155356793072630950e+00,1.099198496635073196e-04,2.817957366032429467e-02,1.146106511049757234e-02
8.660000000000000142e+00,5.578765831195374751e-04,3.155920384545837454e+00,5.445788728019496268e-04,1.548694818960610377e-02,-4.547826569080977259e-03
8.679999999999999716e+00,5.687681605755764763e-04,3.156230123509629504e+00,6.541698063011122666e-04,2.232147573244542410e-03,-1.662107788912238178e-03
8.700000000000001066e+00,5.818515567015987563e-04,3.156274766461094394e+00,8.080901578227558642e-04,-1.121712362194602665e-02,3.917072874443717698e-03
8.720000000000000639e+00,5.980133598580538324e-04,3.156050423988655318e+00,1.046246479060380583e-03,-2.463897681944782897e-02,-1.044515584802643577e-03
8.740000000000000213e+00,6.189382894392614874e-04,3.155557644452266164e+00,1.165063639887447752e-03,-3.782667445149043989e-02,-7.458323067017836802e-03
8.759999999999999787e+00,6.422395622370104902e-04,3.154801110963236344e+00,1.145425587530601473e-03,-5.049203021920144197e-02,9.247101666197025255e-03
8.779999999999999361e+00,6.651480739876225153e-04,3.153791270358852206e+00,1.414990463243296671e-03,-6.234592181474553352e-02,1.268036868846476352e-02
8.800000000000000711e+00,6.934478832524884314e-04,3.152544351922557109e+00,1.701111975089903078e-03,-7.328782264689580328e-02,-1.376016877376658176e-03
8.820000000000000284e+00,7.274701227542864712e-04,3.151078595469618993e+00,1.681741339296391816e-03,-8.312036231727089330e-02,4.638466257608443364e-05
8.839999999999999858e+00,7.611049495402143292e-04,3.149416188223273405e+00,1.663425713141256177e-03,-9.153161193860522016e-02,5.489300783979180094e-03
8.859999999999999432e+00,7.943734638030395048e-04,3.147585555984501404e+00,1.715769753355771230e-03,-9.835902585657697872e-02,6.549121452221457959e-03
8.880000000000000782e+00,8.286888588701549598e-04,3.145618375467369887e+00,1.749966769744699989e-03,-1.034959068352509920e-01,-1.209056950507266144e-02
8.900000000000000355e+00,8.636881942650489682e-04,3.143548457330664903e+00,1.409194922350397129e-03,-1.068284937215583652e-01,7.483799409119822402e-03
8.919999999999999929e+00,8.918720927120569325e-04,3.141411887456233565e+00,1.420429708341297038e-03,-1.081272679794207381e-01,-1.390549852634632294e-02
8.939999999999999503e+00,9.202806868788828646e-04,3.139249342096645190e+00,1.007000266266013877e-03,-1.074973399691362269e-01,-3.006109946078591635e-03
8.960000000000000853e+00,9.404206922042031075e-04,3.137099395297262561e+00,7.948068594858350485e-04,-1.047589646098424088e-01,-7.516096027444367847e-03
8.980000000000000426e+00,9.563168293939197781e-04,3.135004216005065736e+00,4.858468778366997168e-04,-1.000270342719452588e-01,-9.655570934074970621e-03
9.000000000000000000e+00,9.660337669506537410e-04,3.133003675319626868e+00,1.337847809466202157e-04,-9.333033298340330519e-02,-5.164851028490704404e-03
9.019999999999999574e+00,9.687094625695861485e-04,3.131137068659958889e+00,-1.351840409428627056e-04,-8.475533777549450198e-02,-4.620897530048039860e-03
9.040000000000000924e+00,9.660057817507288532e-04,3.129441961904448899e+00,-3.980092037233142637e-04,-7.447507019663614225e-02,1.456740664745875824e-02
9.060000000000000497e+00,9.580455976762625734e-04,3.127952460500516008e+00,-3.145854739394055542e-04,-6.266284944443861749e-02,-4.234676732135614872e-03
9.080000000000000071e+00,9.517538881974745056e-04,3.126699203511627445e+00,-6.026726942263045412e-04,-4.966130699386180763e-02,1.905706045783636671e-02
9.099999999999999645e+00,9.397004343129483628e-04,3.125705977371750155e+00,-4.597899303226442779e-04,-3.554114377886834208e-02,6.124091305290989447e-03
9.120000000000000995e+00,9.305046357064954404e-04,3.124995154496172933e+00,-5.791728288316351373e-04,-2.072476277049117854e-02,-1.859268554151043140e-02
9.140000000000000568e+00,9.189211791298626964e-04,3.124580659240763225e+00,-1.143584299701344478e-03,-5.364679653859468975e-03,-1.165979830105394119e-02
9.160000000000000142e+00,8.960494931358357678e-04,3.124473365647685963e+00,-1.531522729865768739e-03,1.045102413319943559e-02,-8.145404789993485745e-03
9.179999999999999716e+00,8.654190385385204408e-04,3.124682386130349876e+00,-1.816843604006291874e-03,2.636906121825591948e-02,2.792253682394168698e-03
9.200000000000001066e+00,8.290821664583945686e-04,3.125209767354714785e+00,-1.869845956428297425e-03,4.206187498122006957e-02,-9.165404738418848896e-03
9.220000000000000639e+00,7.916852473298285810e-04,3.126051004854339066e+00,-2.122331574315836512e-03,5.714971025530981436e-02,8.997442807609903892e-03
9.240000000000000213e+00,7.492386158435118725e-04,3.127193999059445062e+00,-2.004392017846046928e-03,7.143868545158843508e-02,3.195330390488499198e-04
9.259999999999999787e+00,7.091507754865909296e-04,3.128622772768476779e+00,-2.033128419179729487e-03,8.451256776314342023e-02,5.485939144046404585e-03
9.279999999999999361e+00,6.684882071029963875e-04,3.130313024123739574e+00,-1.938992185029865187e-03,9.618679302270376208e-02,1.291000637381115599e-03
9.300000000000000711e+00,6.297083634023990838e-04,3.132236759984193597e+00,-1.899276157553058146e-03,1.061892271640634267e-01,8.231535365965371399e-04
9.320000000000000284e+00,5.917228402513379469e-04,3.134360544527474701e+00,-1.837546892838980064e-03,1.143486546348453509e-01,4.183965616049388470e-04
9.339999999999999858e+00,5.549719023945582979e-04,3.136647517620171577e+00,-1.751761151149528774e-03,1.204940495743512252e-01,-1.403730837406338451e-03
9.359999999999999432e+00,5.199366793715677138e-04,3.139057398611658556e+00,-1.667528922072228402e-03,1.244883392951990631e-01,1.178515044299506759e-03
9.380000000000000782e+00,4.865861009301231522e-04,3.141547165397562402e+00,-1.503282107881670710e-03,1.262425807435585134e-01,5.272676581296106314e-03
9.400000000000000355e+00,4.565204587724897511e-04,3.144072017012433662e+00,-1.238529915011655786e-03,1.256737541864723362e-01,-9.613461184341842367e-03
9.419999999999999929e+00,4.317498604722566418e-04,3.146585492096162895e+00,-1.226501749897076360e-03,1.227314533997680285e-01,-2.214495763855443833e-02
9.439999999999999503e+00,4.072198254743151016e-04,3.149040121164158101e+00,-1.400501281404230823e-03,1.175532581731813520e-01,-7.056697502546100884e-03
9.460000000000000853e+00,3.792097998462304613e-04,3.151391186327621607e+00,-1.243795789806742373e-03,1.102906669508138537e-01,3.574095595092093881e-03
9.480000000000000426e+00,3.543338840500956312e-04,3.153596999666637757e+00,-8.715406347453534671e-04,1.009207885761064100e-01,1.494550232949469308e-02
9.500000000000000000e+00,3.369030713551885727e-04,3.155615415438159932e+00,-2.942522715649832296e-04,8.950593953935084834e-02,2.013278270583195029e-03
9.519999999999999574e+00,3.310180259238888843e-04,3.157405534228947097e+00,2.454730072074624500e-05,7.614999548684722730e-02,1.176104463251682365e-02
9.540000000000000924e+00,3.315089719383038178e-04,3.158928534138683908e+00,5.164380902279243389e-04,6.118378360321530263e-02,6.718012687801810934e-03
9.560000000000000497e+00,3.418377337428623133e-04,3.160152209810748403e+00,8.919539489539360638e-04,4.479175483921633144e-02,-2.050740476149598285e-05
9.580000000000000071e+00,3.596768127219410324e-04,3.161048044907532883e+00,1.126457824488000638e-03,2.730484153713307396e-02,-1.746033538072788022e-02
9.599999999999999645e+00,3.822059692117010668e-04,3.161594141738275354e+00,1.034288981868143392e-03,9.086474608209178100e-03,-4.528039403670509541e-03
9.620000000000000995e+00,4.028917488490639238e-04,3.161775871230439350e+00,1.191102246178981153e-03,-9.407177291850137013e-03,-5.017729597904022586e-03
9.640000000000000568e+00,4.267137937726435404e-04,3.161587727684602278e+00,1.323406850247185436e-03,-2.794867181451275717e-02,-5.808850626480823766e-03
9.660000000000000142e+00,4.531819307775872578e-04,3.161028754248312200e+00,1.421888378252079673e-03,-4.619506798718994722e-02,-2.197842181896826272e-02
9.679999999999999716e+00,4.816196983426288664e-04,3.160104852888568239e+00,1.205279517671934688e-03,-6.380209365997228932e-02,-1.175405023891913821e-02
9.700000000000001066e+00,5.057252886960675407e-04,3.158828811015368832e+00,1.176086726117990620e-03,-8.031805893179755351e-02,-1.364143614948371865e-02
9.720000000000000639e+00,5.292470232184273400e-04,3.157222449836732725e+00,1.091002975442443169e-03,-9.551437278218670446e-02,-1.118495728410828782e-03
9.740000000000000213e+00,5.510670827272762294e-04,3.155312162381088914e+00,1.210988615115940253e-03,-1.090838762209640350e-01,-1.037270831898667173e-02
9.759999999999999787e+00,5.752868550295950258e-04,3.153130484856669469e+00,1.116958681327473099e-03,-1.208537571760378987e-01,5.111658620010618194e-03
9.779999999999999361e+00,5.976260286561444878e-04,3.150713409713148838e+00,1.273363461708670657e-03,-1.305092090093000756e-01,5.939860222412243068e-03
9.800000000000000711e+00,6.230932978903179010e-04,3.148103225532962846e+00,1.386823358727258104e-03,-1.379624054775821229e-01,-2.022067821968614055e-03
9.820000000000000284e+00,6.508297650648630370e-04,3.145343977423411097e+00,1.299547723200228507e-03,-1.430434150164808516e-01,-9.221595440714559430e-03
9.839999999999999858e+00,6.768207195288676549e-04,3.142483109123081597e+00,1.042861825896069378e-03,-1.455584823783449000e-01,9.757071205629682525e-03
9.859999999999999432e+00,6.976779560467889990e-04,3.139571939475514828e+00,1.105936590551259658e-03,-1.453712697314925029e-01,-4.240610912532089515e-03
9.880000000000000782e+00,7.197966878578141965e-04,3.136664514080885091e+00,8.602353095198051781e-04,-1.425947833737007397e-01,-6.150395958018959643e-03
9.900000000000000355e+00,7.370013940482103348e-04,3.133812618413410966e+00,5.552915912091372762e-04,-1.371302921557671084e-01,-6.031023102610884139e-04
9.919999999999999929e+00,7.481072258723930803e-04,3.131070012570295713e+00,3.333204565777943035e-04,-1.290295273348169847e-01,6.704328086035934303e-03
9.939999999999999503e+00,7.547736350039489783e-04,3.128489422023599253e+00,2.204147614361466319e-04,-1.184507313870507145e-01,-1.694861644114969675e-03
9.960000000000000853e+00,7.591819302326718649e-04,3.126120407395858170e+00,-7.519041329850535411e-05,-1.056088181341993532e-01,-4.794093414535518030e-03
9.980000000000000426e+00,7.576781219667017312e-04,3.124008231033174265e+00,-4.356935852336309969e-04,-9.064081553285106840e-02,3.413877582742544815e-03
1.000000000000000000e+01,7.489642502620291655e-04,3.122195414722517270e+00,-6.453342486734373225e-04,-7.377163819388835031e-02,9.730523425526802633e-03
1.001999999999999957e+01,7.360575652885604581e-04,3.120719981958639533e+00,-7.476779509242494764e-04,-5.535116862962524698e-02,-2.892777830715188500e-03
1.004000000000000092e+01,7.211040062700754686e-04,3.119612958586047036e+00,-1.090052848259217850e-03,-3.574207920648574122e-02,-1.580360389659540496e-02
1.006000000000000050e+01,6.993029493048911593e-04,3.118898117001917214e+00,-1.647756618074875789e-03,-1.518811753063641079e-02,8.716395511924381403e-03
1.008000000000000007e+01,6.663478169433936522e-04,3.118594354651304634e+00,-1.715419250430583100e-03,6.037931374408583851e-03,-5.248119358543655577e-03
1.009999999999999964e+01,6.320394319347820335e-04,3.118715113278792916e+00,-2.030478166530414515e-03,2.735805920894337356e-02,-1.064563239948731338e-02
1.012000000000000099e+01,5.914298686041736999e-04,3.119262274462971885e+00,-2.406501671386509014e-03,4.849191316687138931e-02,1.499918884995046255e-02
1.014000000000000057e+01,5.432998351764435369e-04,3.120232112726309293e+00,-2.268478027542910648e-03,6.908338325100428501e-02,1.287886622414646624e-02
1.016000000000000014e+01,4.979302746255853456e-04,3.121613780391329307e+00,-2.162184440420803280e-03,8.854597971767758091e-02,-3.197348283598975931e-03
1.017999999999999972e+01,4.546865858171692865e-04,3.123384699985682911e+00,-2.330381934348019386e-03,1.065336223446454733e-01,5.989732181322457265e-03
1.020000000000000107e+01,4.080789471302088750e-04,3.125515372432575933e+00,-2.282637323069208659e-03,1.228240012382786350e-01,2.867509476219793924e-03
1.022000000000000064e+01,3.624262006688247126e-04,3.127971852457341662e+00,-2.257087739561973797e-03,1.370211567342785597e-01,-5.353706837889393895e-03
1.024000000000000021e+01,3.172844458775852129e-04,3.130712275592027360e+00,-2.338722818793837095e-03,1.488616251371361054e-01,7.614318740953788037e-03
1.025999999999999979e+01,2.705099895017084840e-04,3.133689508094770204e+00,-2.129125557804621444e-03,1.581572070008123720e-01,1.489682615533467064e-02
1.027999999999999936e+01,2.279274783456160486e-04,3.136852652234786376e+00,-1.756120848334957740e-03,1.645995598283308270e-01,1.953534513296074915e-02
1.030000000000000071e+01,1.928050613789168905e-04,3.140144643431352911e+00,-1.280904216506378174e-03,1.679818143782328133e-01,-1.479285134309248767e-02
1.032000000000000028e+01,1.671869770487893357e-04,3.143504279718917438e+00,-1.417196549555188806e-03,1.681756004043065966e-01,-6.050580237546303655e-03
1.033999999999999986e+01,1.388430460576855639e-04,3.146867791727003372e+00,-1.325018181490992229e-03,1.654033665294317723e-01,8.079506175833660320e-03
1.035999999999999943e+01,1.123426824278657117e-04,3.150175859057592120e+00,-9.296564329360665043e-04,1.595963594989995571e-01,1.377753385544624608e-04
1.038000000000000078e+01,9.374955376914437732e-05,3.153367786247572191e+00,-6.617860025057590917e-04,1.507090253568233729e-01,-1.106172688378484308e-02
1.040000000000000036e+01,8.051383371902919115e-05,3.156381966754708834e+00,-5.704595164470895692e-04,1.389284960436704686e-01,-9.188596128111644820e-03
1.041999999999999993e+01,6.910464339008740356e-05,3.159160536675582165e+00,-4.053435936285182612e-04,1.245157512458416466e-01,1.114409171602522008e-02
1.043999999999999950e+01,6.099777151751704051e-05,3.161650851700498865e+00,1.559994100677982755e-04,1.076780459914774557e-01,-6.612124107236432013e-03
1.046000000000000085e+01,6.411775971887301252e-05,3.163804412620328410e+00,3.800531896767902129e-04,8.853485656038238838e-02,7.993740683751353326e-03
1.048000000000000043e+01,7.171882351240881190e-05,3.165575109751535887e+00,8.794427150524568347e-04,6.755058596474518284e-02,1.464882164412117200e-03
1.050000000000000000e+01,8.930767781345795293e-05,3.166926121470830857e+00,1.237884968184003965e-03,4.497380840690085729e-02,-3.364792516109072710e-03
1.051999999999999957e+01,1.140653771771380328e-04,3.167825597638969093e+00,1.492532277004376441e-03,2.125532946729779757e-02,3.659704397093174050e-03
1.054000000000000092e+01,1.439160227172255708e-04,3.168250704228315229e+00,1.860267202078988826e-03,-3.145193311393876950e-03,-4.062513725617449174e-03
1.056000000000000050e+01,1.811213667588053625e-04,3.168187800362087359e+00,2.054987768434149951e-03,-2.784158089211430029e-02,1.369332625311075287e-03
1.058000000000000007e+01,2.222211221274883648e-04,3.167630968744245212e+00,2.323416909942114736e-03,-5.232120651218193780e-02,1.702942320864319747e-03
1.059999999999999964e+01,2.686894603263306714e-04,3.166584544614001739e+00,2.557779877641090053e-03,-7.617284855314110370e-02,-9.952187257320239261e-03
1.062000000000000099e+01,3.198450578791524508e-04,3.165061087642938809e+00,2.536256920902185859e-03,-9.894874286893343140e-02,-5.578136533635453566e-03
1.064000000000000057e+01,3.705701962971961875e-04,3.163082112785560174e+00,2.566136152964763363e-03,-1.201251993332109469e-01,6.934640518197023214e-03
1.066000000000000014e+01,4.218929193564914266e-04,3.160679608798895757e+00,2.782301819690368577e-03,-1.393295394051092262e-01,-3.126938345956943328e-03
1.067999999999999972e+01,4.775389557502987894e-04,3.157893018010793362e+00,2.751118993691762001e-03,-1.562770431761137946e-01,1.511372963197310341e-02
1.070000000000000107e+01,5.325613356241340338e-04,3.154767477147271126e+00,3.002963644361594884e-03,-1.705422429835974918e-01,-7.585517989653669732e-03
1.072000000000000064e+01,5.926206085113659445e-04,3.151356632287598991e+00,2.763844050400098701e-03,-1.819631340223817617e-01,1.626275917904309795e-02
1.074000000000000021e+01,6.478974895193678925e-04,3.147717369607151205e+00,2.919989590668197084e-03,-1.901081694673700806e-01,6.725315174528669233e-03
1.075999999999999979e+01,7.062972813327317865e-04,3.143915206217803959e+00,2.825148684422422798e-03,-1.949667298753828826e-01,6.968619098802868346e-03
1.077999999999999936e+01,7.628002550211802815e-04,3.140015871620296384e+00,2.678729054898926036e-03,-1.963206968061921298e-01,6.206452994416257127e-03
1.080000000000000071e+01,8.163748361191588542e-04,3.136089457684172466e+00,2.466562448456628871e-03,-1.940954968091515853e-01,1.756658105007345401e-04
1.082000000000000028e+01,8.657060850882913883e-04,3.132207547747989373e+00,2.099907259538053624e-03,-1.882745745142951344e-01,-2.101634481350156142e-03
1.083999999999999986e+01,9.077042302790525085e-04,3.128442056257703552e+00,1.663236398097048176e-03,-1.788693941633162643e-01,-1.205500710244182191e-02
1.085999999999999943e+01,9.409689582409934243e-04,3.124864668374437215e+00,1.027099061996838720e-03,-1.659909190763645681e-01,8.175102975437133906e-03
1.088000000000000078e+01,9.615109394809301727e-04,3.121544849992909931e+00,7.612005447461151495e-04,-1.497600849698146053e-01,1.129066066963016132e-02
1.090000000000000036e+01,9.767349503758523867e-04,3.118549648293513776e+00,5.245578865148262148e-04,-1.305940916163529919e-01,2.749575568375212109e-03
1.091999999999999993e+01,9.872261081061489349e-04,3.115937766461186698e+00,1.093725285474412157e-04,-1.088257037857511406e-01,9.175111582791108458e-03
1.093999999999999950e+01,9.894135586770978243e-04,3.113761252385471856e+00,-1.890184022119995445e-04,-8.475140557193548696e-02,-1.697155433717004516e-02
1.096000000000000085e+01,9.856331906328578887e-04,3.112066224274033122e+00,-9.638104762876645304e-04,-5.883329789484261635e-02,6.012370211785667516e-03
1.098000000000000043e+01,9.663569811071045504e-04,3.110889558316136227e+00,-1.270685945299157658e-03,-3.132561222131969442e-02,4.994347829297760347e-03
1.100000000000000000e+01,9.409432622011213495e-04,3.110263046071709780e+00,-1.580788290453806694e-03,-2.902455894343656390e-03,7.709687736169673622e-03
1.101999999999999957e+01,9.093274963920452286e-04,3.110204996953823020e+00,-1.816790005243582463e-03,2.593442083050715580e-02,-8.429852900977821695e-03
1.104000000000000092e+01,8.729916962871735794e-04,3.110723685370432978e+00,-2.317557884848405088e-03,5.463985070897121876e-02,-6.024861883612270437e-03
1.106000000000000050e+01,8.266405385902054342e-04,3.111816482384612392e+00,-2.711867358654420149e-03,8.280628573086787347e-02,1.289526420445505014e-02
1.108000000000000007e+01,7.724031914171170313e-04,3.113472608099229877e+00,-2.701619225487509029e-03,1.098794801707737440e-01,-1.296493514293798992e-02
1.109999999999999964e+01,7.183708069073668464e-04,3.115670197702645527e+00,-3.127583406088536681e-03,1.351971599906897636e-01,-1.450462617217650706e-03
1.112000000000000099e+01,6.558191387855960564e-04,3.118374140902459235e+00,-3.261801075123005843e-03,1.584697010868557077e-01,3.050085817109728960e-03
1.114000000000000057e+01,5.905831172831358875e-04,3.121543534924196450e+00,-3.251540143903236795e-03,1.791415613582298116e-01,-2.591836329183362566e-03
1.116000000000000014e+01,5.255523144050711906e-04,3.125126366151361079e+00,-3.287085989537575498e-03,1.967598853979233287e-01,1.128565841231626669e-02
1.117999999999999972e+01,4.598105946143196459e-04,3.129061563859319328e+00,-3.004167906964218867e-03,2.110013602444589520e-01,-7.540085095270840018e-03
1.120000000000000107e+01,3.997272364750352491e-04,3.133281591064208449e+00,-3.020496706444879276e-03,2.214503447004383674e-01,3.767920648759464242e-03
1.122000000000000064e+01,3.393173023461376592e-04,3.137710597958217384e+00,-2.757198170388596662e-03,2.280107767963322485e-01,-1.345600972236013840e-02
1.124000000000000021e+01,2.841733389383657412e-04,3.142270813494143944e+00,-2.755220753226540233e-03,2.304169854175273924e-01,-5.306460404696603309e-03
1.125999999999999979e+01,2.290689238738349343e-04,3.146879153202494450e+00,-2.528247031853419168e-03,2.286991079391926251e-01,-2.778379933189310466e-02
1.127999999999999936e+01,1.785039832367665499e-04,3.151453135361278246e+00,-2.652607017201727424e-03,2.227612016120021909e-01,5.075138068129071700e-03
1.130000000000000071e+01,1.254518428927320134e-04,3.155908359393518214e+00,-2.093664384282772125e-03,2.128204298572896336e-01,1.418511697079296793e-02
1.132000000000000028e+01,8.357855520707656706e-05,3.160164767990663925e+00,-1.350885700092123616e-03,1.987411055109823965e-01,-9.200923196872975995e-03
1.133999999999999986e+01,5.656084120523409203e-05,3.164139590100883748e+00,-1.034625985657837421e-03,1.806668887532797418e-01,1.405838090220078683e-02
1.135999999999999943e+01,3.586832149207734740e-05,3.167752927875949531e+00,-2.644142710010375080e-04,1.590662976485582303e-01,-1.168136108672205610e-02
1.138000000000000078e+01,3.058003607205659859e-05,3.170934253828920912e+00,2.165127884373377462e-05,1.341118840830927139e-01,-8.351352764518505181e-03
1.140000000000000036e+01,3.101306164893127652e-05,3.173616491510582893e+00,3.891203388895298973e-04,1.064246399097963369e-01,6.698731978357209786e-03
1.141999999999999993e+01,3.879546842672187393e-05,3.175744984308778829e+00,1.033211954023349928e-03,7.644644411053422295e-02,-1.089269026246673586e-03
1.143999999999999950e+01,5.945970750718887682e-05,3.177273913190989507e+00,1.503743513007286267e-03,4.458324716197489129e-02,1.359759855089687306e-03
1.146000000000000085e+01,8.953457776733459946e-05,3.178165578134228841e+00,1.992515041151326528e-03,1.146357068401786250e-02,-5.168607381856311737e-04
1.148000000000000043e+01,1.293848785903611289e-04,3.178394849547909295e+00,2.408495619034903279e-03,-2.233558498375511070e-02,-6.265605860694348737e-03
1.150000000000000000e+01,1.775547909710591999e-04,3.177948137848234378e+00,2.677453317413331941e-03,-5.618289129686437205e-02,-4.471369873541237820e-03
1.151999999999999957e+01,2.311038573193258550e-04,3.176824480022296893e+00,2.938906092036833693e-03,-8.941039257097432857e-02,-1.611246377859237215e-04
1.154000000000000092e+01,2.898819791600625181e-04,3.175036272170877361e+00,3.227848739901207752e-03,-1.214132053288848184e-01,1.336352289748561455e-02
1.156000000000000050e+01,3.544389539580866753e-04,3.172608008064299767e+00,3.697399918030591301e-03,-1.516177227082965984e-01,2.414300469524817763e-03
1.158000000000000007e+01,4.283869523186985100e-04,3.169575653610134047e+00,3.876454500874462229e-03,-1.795408905005516087e-01,3.441145643968085508e-03
1.159999999999999964e+01,5.059160423361877502e-04,3.165984835800122799e+00,4.000360096659724175e-03,-2.045421930192270754e-01,-2.056056474180919733e-02
1.162000000000000099e+01,5.859232442693821947e-04,3.161893991939738413e+00,3.612526620519936667e-03,-2.261251523905632166e-01,2.295276347358746888e-02
1.164000000000000057e+01,6.581737766797808890e-04,3.157371488891927314e+00,3.977155431904160453e-03,-2.436619818557402006e-01,5.031125994245846250e-03
1.166000000000000014e+01,7.377168853178640720e-04,3.152498249254812368e+00,3.902044828822283720e-03,-2.571137606177905655e-01,-2.096405962177959239e-03
1.167999999999999972e+01,8.157577818943097855e-04,3.147355974042456594e+00,3.620304810604190945e-03,-2.660230356314217115e-01,4.931655474848030971e-04
1.170000000000000107e+01,8.881638781063935610e-04,3.142035513329828333e+00,3.324250330244447188e-03,-2.701064232676994581e-01,9.656198389134057827e-04
1.172000000000000064e+01,9.546488847112825308e-04,3.136633384864474294e+00,2.974794516288618417e-03,-2.692444883721128446e-01,-4.389811309378899642e-03
1.174000000000000021e+01,1.014144775037054960e-03,3.131248495097032070e+00,2.471184196154779453e-03,-2.633898989983901595e-01,-1.218120076662730991e-02
1.175999999999999979e+01,1.063568458960150462e-03,3.125980697117064278e+00,1.785628660651855746e-03,-2.525434617741020293e-01,-1.428678576380930203e-02
1.177999999999999936e+01,1.099281032173187638e-03,3.120929827881582241e+00,1.041787211233464062e-03,-2.367845654615602369e-01,-1.024987291845659045e-02
1.180000000000000071e+01,1.120116776397857023e-03,3.116194136572350892e+00,3.611893994584706828e-04,-2.163327895780886301e-01,-1.010948301888716511e-02
1.182000000000000028e+01,1.127340564387026376e-03,3.111867480780789119e+00,-3.266023674238428169e-04,-1.915441210201590527e-01,1.706724151925182592e-02
1.183999999999999986e+01,1.120808517038549609e-03,3.108036598360385927e+00,-5.237302861109871446e-04,-1.628262914246870752e-01,1.145618329954162934e-02
1.185999999999999943e+01,1.110333911316329931e-03,3.104780072531892365e+00,-8.624604916029985496e-04,-1.308661270388390419e-01,9.733533282289996008e-03
1.188000000000000078e+01,1.093084701484270003e-03,3.102162749991115742e+00,-1.248233516596135295e-03,-9.615341994371245926e-02,-7.865457508733811332e-03
1.190000000000000036e+01,1.068120031152347289e-03,3.100239681592241503e+00,-1.952491582368751522e-03,-5.927012397043896624e-02,-3.540351260242373724e-04
1.191999999999999993e+01,1.029070199504972206e-03,3.099054279112832599e+00,-2.477534669011171534e-03,-2.072970800987689738e-02,4.754915470162631233e-03
1.193999999999999950e+01,9.795195061247487581e-04,3.098639684952634976e+00,-2.871662267517457491e-03,1.871560380579675303e-02,-9.244427185897335225e-03
1.196000000000000085e+01,9.220862607743995996e-04,3.099013997028750911e+00,-3.480402843856726745e-03,5.831124873834711564e-02,3.070712674107493531e-03
1.198000000000000043e+01,8.524782038972650040e-04,3.100180222003517727e+00,-3.793259896876295233e-03,9.743628244645732850e-02,0.000000000000000000e+00
