time,cart_pos,pend_pos,cart_vel,pend_vel,force
3.814697265625000000e-06,0.000000000000000000e+00,3.141592653589793116e+00,0.000000000000000000e+00,0.000000000000000000e+00,2.269057426087421419e-04
1.000189781188964844e-02,0.000000000000000000e+00,3.141592653589793116e+00,0.000000000000000000e+00,0.000000000000000000e+00,5.999616803370139140e-01
2.000093460083007812e-02,0.000000000000000000e+00,3.141592653589793116e+00,0.000000000000000000e+00,0.000000000000000000e+00,1.205470524167790769e+00
3.000164031982421875e-02,9.078124999999998739e-05,3.141592653589793116e+00,9.077484384685070504e-03,0.000000000000000000e+00,1.696677645203031659e+00
4.000139236450195312e-02,2.723437499999999622e-04,3.140058672801907313e+00,1.815670020504505863e-02,-1.534018824699006356e-01,2.020544676407126872e+00
5.000185966491699219e-02,6.127734374999999284e-04,3.138524692014021955e+00,3.404137799499343947e-02,-1.533909108249066622e-01,2.354656195606343871e+00
6.000089645385742188e-02,1.134765624999999924e-03,3.135456730438250350e+00,5.220424712081832980e-02,-3.068257113690155968e-01,2.660673115055731230e+00
7.000255584716796875e-02,1.861015624999999823e-03,3.132388768862479189e+00,7.261295065554229655e-02,-3.067452564744524990e-01,2.975448263441911489e+00
8.000111579895019531e-02,2.791523437499999517e-03,3.127786826498822226e+00,9.306418294107825229e-02,-4.602605160992883637e-01,3.270915385795187813e+00
9.000110626220703125e-02,3.926289062499999441e-03,3.121650903347279904e+00,1.134766707197863711e-01,-6.135929003220219613e-01,3.542272479234101823e+00
1.000013351440429688e-01,5.288007812499999523e-03,3.115514980195737138e+00,1.361687583444592953e-01,-6.135782714621502709e-01,3.825661139897457819e+00
1.100010871887207031e-01,6.899374999999999258e-03,3.109379057044194816e+00,1.611407143197748915e-01,-6.136075298795137245e-01,4.082225717745540550e+00
1.200010776519775391e-01,8.783085937499999010e-03,3.100175172316880889e+00,1.883712733948453566e-01,-9.203893504830773509e-01,4.298422065693280558e+00
1.300008296966552734e-01,1.100722656249999813e-02,3.089437306801681160e+00,2.224195775118019136e-01,-1.073813177289215659e+00,4.520444452287776471e+00
1.400012969970703125e-01,1.352640624999999763e-02,3.078699441286481875e+00,2.519061971629514285e-01,-1.073736375774524410e+00,4.710073089470443897e+00
1.500012874603271484e-01,1.636332031249999874e-02,3.066427594983396787e+00,2.836916767994660526e-01,-1.227185800644088332e+00,4.884685186502621512e+00
1.600010395050048828e-01,1.951796874999999626e-02,3.052621767892425897e+00,3.154726660626577250e-01,-1.380616942228972688e+00,5.028611600103032764e+00
1.700012683868408203e-01,2.303574218749999611e-02,3.038815940801455007e+00,3.517692923898531054e-01,-1.380551110789804747e+00,5.155813265398154321e+00
1.800014972686767578e-01,2.687124999999999583e-02,3.023476132922598758e+00,3.835420026702269225e-01,-1.533945678655308953e+00,5.267135563560509048e+00
1.900017261505126953e-01,3.106988281249999442e-02,3.006602344255856707e+00,4.198536715620826421e-01,-1.687340246520857567e+00,5.316447549073497925e+00
2.000014781951904297e-01,3.560894531249999412e-02,2.988194574801228853e+00,4.539175051261265526e-01,-1.840822589638630102e+00,5.357945570237588662e+00
2.100017070770263672e-01,4.051113281249999615e-02,2.969786805346601444e+00,4.902075300400536295e-01,-1.840734814386361773e+00,5.390786624933171289e+00
2.200014591217041016e-01,4.573105468749999458e-02,2.949845055104087788e+00,5.220051308950454105e-01,-1.994224472108530710e+00,5.359622232342014847e+00
2.300016880035400391e-01,5.129140624999999065e-02,2.929903304861574576e+00,5.560224299065417153e-01,-1.994129382251910609e+00,5.344041852984354080e+00
2.400016784667968750e-01,5.716949218749999007e-02,2.908427573831175561e+00,5.878091543284933440e-01,-2.147575151127165682e+00,5.260031894191502744e+00
2.500016689300537109e-01,6.336531249999999282e-02,2.886951842800776546e+00,6.195826221300338998e-01,-2.147575151127165682e+00,5.172822129653600776e+00
2.600016593933105469e-01,6.983347656249999647e-02,2.865476111770377532e+00,6.468170231027826622e-01,-2.147575151127165682e+00,5.075404395344495612e+00
2.700023651123046875e-01,7.659667968749998834e-02,2.845534361527864320e+00,6.762725866590370005e-01,-1.994034301463170067e+00,4.942676062861976582e+00
2.800042629241943359e-01,8.360953124999999375e-02,2.824058630497465305e+00,7.011520907725685703e-01,-2.147165611397265916e+00,4.770294823318324440e+00
2.900021076202392578e-01,9.089472656249998617e-02,2.802582899467066291e+00,7.286765832021740996e-01,-2.148036070103656048e+00,4.582860770350982271e+00
3.000025749206542969e-01,9.836148437499998842e-02,2.784175130012438881e+00,7.466408906901897957e-01,-1.840690929899190920e+00,4.410678874258212367e+00
3.100020885467529297e-01,1.060098046874999866e-01,2.764233379769925225e+00,7.648692324932642173e-01,-1.994272020437662274e+00,4.179138549586090434e+00
3.200020790100097656e-01,1.138169921874999796e-01,2.745825610315297816e+00,7.807194945521295226e-01,-1.840778700966110293e+00,3.938055659212197579e+00
3.300018310546875000e-01,1.217603515624999799e-01,2.728951821648555764e+00,7.943556339707215086e-01,-1.687420707168729495e+00,3.694933627016743660e+00
3.400020599365234375e-01,1.298398828124999738e-01,2.713612013769699072e+00,8.079346328437910785e-01,-1.533945678655353362e+00,3.434403624896967155e+00
3.500022888183593750e-01,1.379648046874999701e-01,2.698272205890842823e+00,8.124735914552733140e-01,-1.533945678655308953e+00,3.132464289960394943e+00
3.600022792816162109e-01,1.461578124999999839e-01,2.686000359587757735e+00,8.193015625968590454e-01,-1.227185800644088332e+00,2.862633229612853825e+00
3.700020313262939453e-01,1.543508203124999700e-01,2.675262494072558006e+00,8.193210967526570743e-01,-1.073813177289215659e+00,2.546146028459007837e+00
3.800020217895507812e-01,1.625892187499999864e-01,2.667592590133129882e+00,8.238406294256507278e-01,-7.669911254025496561e-01,2.237975764711686910e+00
3.900029659271240234e-01,1.708276171874999749e-01,2.661456666981587560e+00,8.237620692778971909e-01,-6.135343890673127243e-01,1.906824509682702118e+00
4.000024795532226562e-01,1.790206249999999888e-01,2.656854724617930597e+00,8.193406318399670818e-01,-4.602166201009956215e-01,1.547728784028612470e+00
4.100024700164794922e-01,1.870774609374999675e-01,2.655320743830044794e+00,8.056843621104811115e-01,-1.533982250805276948e-01,1.205949485338540850e+00
4.200022220611572266e-01,1.950435156249999691e-01,2.656854724617930597e+00,7.966252214963522871e-01,1.534018824699006356e-01,8.413745777235298595e-01
4.300024509429931641e-01,2.028507031249999759e-01,2.661456666981587560e+00,7.807008811749005517e-01,4.601837035966015454e-01,4.656111518824244677e-01
4.400026798248291016e-01,2.104990234374999603e-01,2.667592590133129882e+00,7.648145260347113394e-01,6.135782714621058620e-01,7.254625708000811413e-02
4.500026702880859375e-01,2.179430859374999752e-01,2.678330455648329611e+00,7.444069599218001709e-01,1.073787575563605046e+00,-3.193169932035029301e-01
4.600024223327636719e-01,2.250921093749999602e-01,2.690602301951414699e+00,7.149200705736478145e-01,1.227215059759071858e+00,-7.380940299655696091e-01
4.700026512145996094e-01,2.319460937499999709e-01,2.707476090618156750e+00,6.853827503337794891e-01,1.687340246520857567e+00,-1.139083086374747644e+00
4.800031185150146484e-01,2.385050390624999794e-01,2.727417840860669962e+00,6.558638827035412344e-01,1.994081840724142074e+00,-1.567641502263390940e+00
4.900028705596923828e-01,2.446781640624999532e-01,2.750427552678954779e+00,6.173278069715294469e-01,2.301028237048287739e+00,-1.992873722707988016e+00
5.000028610229492188e-01,2.504881640624999628e-01,2.776505226073010313e+00,5.810005540853072636e-01,2.607769826368659949e+00,-2.428147991080251700e+00
5.100028514862060547e-01,2.558896484374999503e-01,2.805650861042837896e+00,5.401489526261818996e-01,2.914566276529759747e+00,-2.862928326346781738e+00
5.200033187866210938e-01,2.608145312499999813e-01,2.839398438376321998e+00,4.924652683275749232e-01,3.374600038148568348e+00,-3.275611083049925654e+00
5.300028324127197266e-01,2.652401171874999575e-01,2.876213977285577261e+00,4.425801196919458280e-01,3.681732960807920563e+00,-3.692267330684740223e+00
5.400028228759765625e-01,2.690756249999999850e-01,2.917631458558489488e+00,3.835511470328806793e-01,4.141752077173803670e+00,-4.089269131963058079e+00
5.500028133392333984e-01,2.723437499999999400e-01,2.962116901407172875e+00,3.268128116729802635e-01,4.448548527334814651e+00,-4.467904681068749717e+00
5.600030422210693359e-01,2.749764062499999717e-01,3.009670305831627868e+00,2.632595994659577832e-01,4.755231603831520104e+00,-4.830127272504554092e+00
5.700035095214843750e-01,2.769508984374999816e-01,3.061825652619739824e+00,1.974399923709629634e-01,5.215290968047804121e+00,-5.160835412605633721e+00
5.800032615661621094e-01,2.782672265624999697e-01,3.117048960983622941e+00,1.316360764865755206e-01,5.522467768915846342e+00,-5.434553833294692993e+00
5.900034904479980469e-01,2.788573046874999739e-01,3.176874211711163021e+00,5.900646194926611326e-02,5.982388146755775793e+00,-5.685643343552762019e+00
6.000032424926757812e-01,2.788119140624999437e-01,3.238233443226588459e+00,-4.539175051264287414e-03,6.136075298795359956e+00,-5.841510704863178027e+00
6.100034713745117188e-01,2.782672265624999697e-01,3.301126655529899701e+00,-5.446750333778111602e-02,6.289177282486829057e+00,-5.895310349662850946e+00
6.200037002563476562e-01,2.772459374999999837e-01,3.365553848621096744e+00,-1.021265687583430559e-01,6.442571850352377894e+00,-5.945502056702240523e+00
6.300046443939208984e-01,2.758615234374999781e-01,3.431515022500179146e+00,-1.384283367106115825e-01,6.595494682473855619e+00,-5.919690350318302485e+00
6.400043964385986328e-01,2.741366796874999401e-01,3.497476196379261992e+00,-1.724886519479318925e-01,6.596280946205062001e+00,-5.906451333206675258e+00
6.500039100646972656e-01,2.720941015624999681e-01,3.563437370258344394e+00,-2.042677475501271378e-01,6.596438221447529671e+00,-5.892409473657816754e+00
6.600034236907958984e-01,2.697791796874999815e-01,3.627864563349541438e+00,-2.315034472234792640e-01,6.443032681413893847e+00,-5.893361411844138864e+00
6.700036525726318359e-01,2.671919140624999800e-01,3.690757775652852679e+00,-2.587206408544727720e-01,6.289177282486829057e+00,-5.892136236724574871e+00
6.800036430358886719e-01,2.643096093749999764e-01,3.753650987956163920e+00,-2.882307436282577351e-01,6.289327228300969352e+00,-5.872234906432774793e+00
6.900036334991455078e-01,2.612003515624999883e-01,3.813476238683704000e+00,-3.109260777722134828e-01,5.982530778139958372e+00,-5.885347872966381289e+00
7.000036239624023438e-01,2.578414453124999728e-01,3.871767508623358278e+00,-3.358909453305692350e-01,5.829132553059430677e+00,-5.845461701072263594e+00
7.100036144256591797e-01,2.542782812499999601e-01,3.928524797775127197e+00,-3.563167460601304737e-01,5.675734327978947391e+00,-5.672609061336994607e+00
7.200038433074951172e-01,2.504881640624999628e-01,3.982214125351124512e+00,-3.790030440587447425e-01,5.368809875293625744e+00,-5.511895563472485549e+00
7.300038337707519531e-01,2.464937890624999683e-01,4.032835491351351109e+00,-3.994378809336475156e-01,5.062141427656925430e+00,-5.335202441975232190e+00
7.400040626525878906e-01,2.423405468749999792e-01,4.080388895775805658e+00,-4.153147129505997404e-01,4.755231603831475695e+00,-5.149467507363958418e+00
7.500042915344238281e-01,2.380057421874999801e-01,4.124874338624489489e+00,-4.334705473965286271e-01,4.448442468100466840e+00,-4.961326553299640452e+00
7.600040435791015625e-01,2.339432812499999681e-01,4.161689877533744308e+00,-4.062561670878844788e-01,3.681645179277171387e+00,-4.829873077079278154e+00
7.700047492980957031e-01,2.292680468749999645e-01,4.200039397230885818e+00,-4.674904458112815187e-01,3.834681348967706516e+00,-4.600812013699782987e+00
7.800052165985107422e-01,2.244566406249999813e-01,4.233786974564369920e+00,-4.811181423292389958e-01,3.374600038148568348e+00,-4.434441109252545310e+00
7.900044918060302734e-01,2.194636718749999604e-01,4.264466590322082418e+00,-4.993330662851713786e-01,3.068183955437209232e+00,-4.264348996720165097e+00
8.000042438507080078e-01,2.142891406249999575e-01,4.290544263716138396e+00,-5.174659558437845197e-01,2.607832001988044546e+00,-4.101220918949431749e+00
8.100044727325439453e-01,2.089557421874999599e-01,4.313553975534422769e+00,-5.333276368491319808e-01,2.300918517982963429e+00,-3.934914432519845739e+00
8.200044631958007812e-01,2.034634765624999675e-01,4.331961744989050622e+00,-5.492270862837652645e-01,1.840778700966154702e+00,-3.777968940999875791e+00
8.300044536590576172e-01,1.978577343749999828e-01,4.345767572080021068e+00,-5.605747533557431383e-01,1.380584025724571617e+00,-3.618040296771755759e+00
8.400044441223144531e-01,1.921158203124999631e-01,4.356505437595220798e+00,-5.741919538421210722e-01,1.073787575563605046e+00,-3.441106092773198011e+00
8.500044345855712891e-01,1.862604296874999787e-01,4.362641360746764008e+00,-5.855396209140961705e-01,6.135929003221107791e-01,-3.272365253285958175e+00
8.600049018859863281e-01,1.803142578124999618e-01,4.364175341534648922e+00,-5.945894023125538608e-01,1.533909108248622533e-01,-3.080846480792446052e+00
8.700044155120849609e-01,1.742319140624999652e-01,4.362641360746764008e+00,-6.082639593714976867e-01,-1.534055400335911923e-01,-2.867592401914825562e+00
8.800046443939208984e-01,1.680814843749999787e-01,4.354971456807334995e+00,-6.150288918558063367e-01,-7.669728393277432943e-01,-2.665637120213525613e+00
8.900046348571777344e-01,1.618856640624999899e-01,4.344233591292136154e+00,-6.195826221300324566e-01,-1.073787575563516228e+00,-2.393864210344557542e+00
9.000046253204345703e-01,1.556898437499999732e-01,4.328893783413279905e+00,-6.195826221300352321e-01,-1.533982250805099312e+00,-2.131292015885973168e+00
9.100043773651123047e-01,1.494940234374999843e-01,4.310486013958652052e+00,-6.195973944971616687e-01,-1.840822589638630102e+00,-1.813289820150607579e+00
9.200048446655273438e-01,1.433662890624999853e-01,4.285942321352480988e+00,-6.127448039098818411e-01,-2.454254573199039502e+00,-1.476189337675318347e+00
9.300048351287841797e-01,1.372612499999999736e-01,4.258330667170540096e+00,-6.105044884724518672e-01,-2.761168051449143235e+00,-1.116667604732407115e+00
9.400048255920410156e-01,1.312469921874999945e-01,4.226117070624940908e+00,-6.014263548148657268e-01,-3.221362726690815137e+00,-6.697118536495004770e-01
9.500050544738769531e-01,1.254142968749999698e-01,4.189301531715686089e+00,-5.832561815754363499e-01,-3.681469628772723546e+00,-2.194606013582333925e-01
9.600050449371337891e-01,1.197404687499999815e-01,4.147884050442773862e+00,-5.673833535989307730e-01,-4.141752077173803670e+00,2.709711258329589589e-01
9.700057506561279297e-01,1.143389843749999801e-01,4.101864626806204228e+00,-5.401103208887618745e-01,-4.601617618761229878e+00,8.327012851831319118e-01
9.800055027008056641e-01,1.092779296874999834e-01,4.051243260805978075e+00,-5.061180182156307383e-01,-5.062262121506188706e+00,1.392272423624442146e+00
9.900050163269042969e-01,1.045799999999999785e-01,3.994485971654209600e+00,-4.698158193652993697e-01,-5.676004981245537984e+00,2.004683948367593338e+00
1.000005006790161133e+00,1.003132812499999832e-01,3.934660720926669519e+00,-4.266722819063963335e-01,-5.982530778139958372e+00,2.685385522642700362e+00
1.010005235671997070e+00,9.656855468749998839e-02,3.870233527835472920e+00,-3.744640854472625069e-01,-6.442571850352333485e+00,3.350849541676565568e+00
1.020005941390991211e+00,9.345929687499998639e-02,3.799670411592733110e+00,-3.109038401754639080e-01,-7.055813682100523287e+00,4.027572895482889770e+00
1.030005216598510742e+00,9.098550781249999109e-02,3.722971372198450979e+00,-2.473968373867425075e-01,-7.670459888593112119e+00,4.697108166297326193e+00
1.040004968643188477e+00,8.930605468749998332e-02,3.641670390440512328e+00,-1.679494768966676155e-01,-8.130299770903846479e+00,5.164274198942663929e+00
1.050005197525024414e+00,8.844363281249999209e-02,3.555767466318916270e+00,-8.624021361815666087e-02,-8.590095800469836007e+00,5.478714826871107668e+00
1.060005664825439453e+00,8.842093749999999086e-02,3.463728619045777890e+00,-2.269425199666352724e-03,-9.203454649496087825e+00,5.734748506110697086e+00
1.070005178451538086e+00,8.912449218749998736e-02,3.367087829408982547e+00,7.035889082282219265e-02,-9.664549022120818123e+00,5.665413130131379482e+00
1.080005168914794922e+00,9.046351562499999055e-02,3.265845097408530240e+00,1.339024714493482482e-01,-1.012428285531376204e+01,5.585778702375189475e+00
1.090005636215209961e+00,9.236992187499998286e-02,3.163068384620192131e+00,1.906317167719625283e-01,-1.027719102527065687e+01,5.556999227321316681e+00
1.100005626678466797e+00,9.470753906249998466e-02,3.057223710256082860e+00,2.337619416827601271e-01,-1.058447753055530072e+01,5.485680356320604467e+00
1.110005617141723633e+00,9.734019531249998858e-02,2.949845055104087788e+00,2.632658760699047584e-01,-1.073787575563582841e+01,5.451886435008171716e+00
1.120005607604980469e+00,1.002678906249999807e-01,2.842466399952093159e+00,2.927698104570480853e-01,-1.073787575563578400e+01,5.443531481639274361e+00
1.130005598068237305e+00,1.033317578124999803e-01,2.736621725587983889e+00,3.063870109434231881e-01,-1.058447753055530072e+01,5.458363837343158664e+00
1.140005826950073242e+00,1.065091015624999859e-01,2.630777051223874619e+00,3.177271028037388922e-01,-1.058422518272174706e+01,5.439935002680472920e+00
1.150006055831909180e+00,1.097318359374999802e-01,2.526466357647651151e+00,3.222660614152197400e-01,-1.043083061485619822e+01,5.450924003681705265e+00
1.160005807876586914e+00,1.129772656249999896e-01,2.426757606435084202e+00,3.245510161651814496e-01,-9.971122360542521434e+00,5.512073606728051800e+00
1.170006036758422852e+00,1.162453906249999863e-01,2.328582836010403057e+00,3.268050200267019201e-01,-9.817252343394093472e+00,5.521150570817126457e+00
1.180006027221679688e+00,1.194908203124999818e-01,2.235010007949379318e+00,3.245432782585885856e-01,-9.357291729911167977e+00,5.574180211501700732e+00
1.190005779266357422e+00,1.227816406249999798e-01,2.142971160676240494e+00,3.290901912164415632e-01,-9.204112948193106547e+00,5.569553343241778087e+00
1.200006008148193359e+00,1.260724609374999916e-01,2.057068236554644880e+00,3.290744993324444256e-01,-8.590095800469791598e+00,5.480836578110163337e+00
1.210005998611450195e+00,1.294086718749999920e-01,1.974233274008820205e+00,3.336214119161720060e-01,-8.283504154347628656e+00,5.356274322557267098e+00
1.220006465911865234e+00,1.328129687499999823e-01,1.896000253826652493e+00,3.404137799499334371e-01,-7.822936452071683533e+00,5.141685588516484273e+00
1.230008602142333984e+00,1.363307421874999925e-01,1.822369176008141745e+00,3.517022120518698558e-01,-7.361535188274477726e+00,4.825860264415545942e+00
1.240006923675537109e+00,1.398939062499999775e-01,1.753340040553287960e+00,3.563762228157176803e-01,-6.904072371109191586e+00,4.508984490435675951e+00
1.250006675720214844e+00,1.435478515624999674e-01,1.687378866674205335e+00,3.654035916265308548e-01,-6.596280946205039797e+00,4.284422949537884939e+00
1.260006427764892578e+00,1.472698828124999748e-01,1.629087596734550836e+00,3.722123542034245225e-01,-5.829271533855624909e+00,4.076066052946448082e+00
1.270006895065307617e+00,1.511507812499999770e-01,1.572330307582782138e+00,3.880717091429254917e-01,-5.675463700522590749e+00,3.892583603540404891e+00
1.280007123947143555e+00,1.551451562499999715e-01,1.520174960794670405e+00,3.994283578104133037e-01,-5.215415307428099112e+00,3.787490156293772614e+00
1.290006637573242188e+00,1.592757031249999733e-01,1.474155537158101215e+00,4.130747783791518524e-01,-4.602166201009911362e+00,3.674496757587909279e+00
1.300006866455078125e+00,1.635651171874999699e-01,1.432738055885188766e+00,4.289315887850463915e-01,-4.141653332369392260e+00,3.634088742309825815e+00
1.310007095336914062e+00,1.680133984374999889e-01,1.394388536188047922e+00,4.448179439252355483e-01,-3.834864196638294587e+00,3.625331401757896366e+00
1.320006608963012695e+00,1.726659374999999774e-01,1.362174939642449401e+00,4.652765360864059563e-01,-3.221516340706946924e+00,3.603358031632302616e+00
1.330006599426269531e+00,1.775227343749999631e-01,1.334563285460507842e+00,4.856801506806842639e-01,-2.761168051449209848e+00,3.644851125477106990e+00
1.340006589889526367e+00,1.825610937499999864e-01,1.311553573642223247e+00,5.038364179958538802e-01,-2.300973376207671173e+00,3.687804797534615098e+00
1.350006818771362305e+00,1.878491015624999816e-01,1.293145804187595616e+00,5.287886782376497452e-01,-1.840734814386383977e+00,3.739350082808003517e+00
1.360006570816040039e+00,1.933640624999999613e-01,1.279339977096624725e+00,5.515097687282417560e-01,-1.380616942228972688e+00,3.801895351788463717e+00
1.370006799697875977e+00,1.991059765624999811e-01,1.270136092369310798e+00,5.741782643524719898e-01,-9.203674071932030909e-01,3.865404608528587804e+00
1.380006551742553711e+00,2.051202343749999601e-01,1.267068130793539638e+00,6.014406942921155519e-01,-3.068037649397568623e-01,3.883999371455864935e+00
1.390006542205810547e+00,2.114068359374999817e-01,1.267068130793539638e+00,6.286607557876187080e-01,0.000000000000000000e+00,3.944249822951783280e+00
1.400007009506225586e+00,2.179430859374999752e-01,1.273204053945082181e+00,6.535944575038734605e-01,6.135636432997376710e-01,3.932273204498624608e+00
1.410006999969482422e+00,2.246835937499999658e-01,1.283941919460281689e+00,6.740514240755300923e-01,1.073787575563582841e+00,3.906442054499202232e+00
1.420007228851318359e+00,2.316737499999999561e-01,1.299281727339138159e+00,6.989996261682233092e-01,1.533945678655331157e+00,3.878564644331625288e+00
1.430006980895996094e+00,2.388454687499999562e-01,1.319223477581651371e+00,7.171896580992799253e-01,1.994224472108486301e+00,3.755035011213029961e+00
1.440007448196411133e+00,2.462668359374999560e-01,1.343767170187821769e+00,7.421020402908570235e-01,2.454254573198972889e+00,3.608682724185849011e+00
1.450007200241088867e+00,2.538470703124999783e-01,1.372912805157648908e+00,7.580422335606336048e-01,2.914635766927801352e+00,3.431949589357569774e+00
1.460007190704345703e+00,2.615861718749999398e-01,1.408194363279018591e+00,7.739108943089392234e-01,3.528159176851759504e+00,3.107700091244551377e+00
1.470007181167602539e+00,2.694387499999999491e-01,1.446543882976159656e+00,7.852585613809226484e-01,3.834955627012792689e+00,2.829016339680498593e+00
1.480007410049438477e+00,2.773594140624999760e-01,1.489495345036957685e+00,7.920482777036075284e-01,4.295047900234918004e+00,2.398286180092312314e+00
1.490008115768432617e+00,2.853254687499999775e-01,1.537048749461412456e+00,7.965492547561151548e-01,4.755004872719886144e+00,1.900266464090530905e+00
1.500007390975952148e+00,2.932007421874999742e-01,1.590738077037409992e+00,7.875844272770621268e-01,5.369321922015182658e+00,1.400504462230012015e+00
1.510007619857788086e+00,3.009625390624999786e-01,1.647495366189178689e+00,7.761619225634183161e-01,5.675599011024701213e+00,6.717561476681077615e-01
1.520007610321044922e+00,3.084973828124999429e-01,1.708854597704604350e+00,7.534850935793779847e-01,6.135929003220463862e+00,-4.859714988754243459e-02
1.530007839202880859e+00,3.157144921874999732e-01,1.776349752371572555e+00,7.216944192256372625e-01,6.749360986083430269e+00,-8.582114163477994051e-01
1.540007352828979492e+00,3.225684765624999284e-01,1.848446849402197500e+00,6.854317751126537406e-01,7.210060381582183098e+00,-1.819826565216780878e+00
1.550007343292236328e+00,3.289458593749999271e-01,1.925145888796479632e+00,6.377388894451992973e-01,7.669911254025585379e+00,-2.798094845908997819e+00
1.560007572174072266e+00,3.347104687499999343e-01,2.006446870554418727e+00,5.764477436582116088e-01,8.129912096873235683e+00,-3.934820788872775310e+00
1.570007801055908203e+00,3.397488281249999575e-01,2.093883775463900143e+00,5.038244058745016130e-01,8.743490368335340435e+00,-5.048787001302694755e+00
1.580007791519165039e+00,3.438793749999999316e-01,2.187456603524924326e+00,4.130550814200198428e-01,9.357291729911212386e+00,-5.798357307936579552e+00
1.590007781982421875e+00,3.470113281249999626e-01,2.288699335525376632e+00,3.131956111866134873e-01,1.012428285531376204e+01,-5.666459839046758873e+00
1.600007772445678711e+00,3.490312109374999472e-01,2.394544009889485903e+00,2.019884738812182112e-01,1.058447753055530072e+01,-5.724806257682763189e+00
1.610008001327514648e+00,3.499617187499999282e-01,2.509592568980909100e+00,9.304865153537861255e-02,1.150459258991495126e+01,-5.388801578900785927e+00
1.620007991790771484e+00,3.498028515624999613e-01,2.629243070435988816e+00,-1.588673390076679112e-02,1.196506155627987233e+01,-5.376746241398685733e+00
1.630007743835449219e+00,3.487588671874999324e-01,2.756563475830497101e+00,-1.044010261790119937e-01,1.273235624500042107e+01,-5.015545580107407808e+00
1.640007734298706055e+00,3.469659374999999324e-01,2.888485823588662349e+00,-1.792931397372624913e-01,1.319224735692400508e+01,-4.816911727519716635e+00
1.650007963180541992e+00,3.445829296874999281e-01,3.023476132922598758e+00,-2.382953271028041553e-01,1.349872197216686054e+01,-4.699684245409259553e+00
1.660008192062377930e+00,3.417687109374999421e-01,3.161534403832306328e+00,-2.814154339118811188e-01,1.380551110789791380e+01,-4.542162313197665391e+00
1.670007944107055664e+00,3.387048437499999287e-01,3.299592674742014342e+00,-3.063943159601367761e-01,1.380616942228963673e+01,-4.555565616502257775e+00
1.680007934570312500e+00,3.356182812499999280e-01,3.436116964863836110e+00,-3.086565443578190293e-01,1.365244203216549934e+01,-4.654293145833431566e+00
1.690008163452148438e+00,3.325317187499999272e-01,3.572641254985658321e+00,-3.086491855807744211e-01,1.365211654003240938e+01,-4.637407377937753594e+00
1.700008392333984375e+00,3.295813281249999616e-01,3.706097583531708928e+00,-2.950323097463249944e-01,1.334532740430131170e+01,-4.801517618017799194e+00
1.710008621215820312e+00,3.268351953124999376e-01,3.836485950501988818e+00,-2.746069959946619288e-01,1.303853826857030462e+01,-4.954687193721371230e+00
1.720008373260498047e+00,3.242933203124999664e-01,3.962272375108611300e+00,-2.541938028706279828e-01,1.257895436253052068e+01,-5.162094111125186124e+00
1.730008602142333984e+00,3.220010937499999670e-01,4.084990838139462177e+00,-2.292174098798397119e-01,1.227156542924256044e+01,-5.291263850018392390e+00
1.740008354187011719e+00,3.198904296874999775e-01,4.203107358806656535e+00,-2.110716398836477992e-01,1.181194495018110580e+01,-5.004686417985291236e+00
1.750008583068847656e+00,3.180067187499999726e-01,4.315087956322308571e+00,-1.883667823765025062e-01,1.119780345418389800e+01,-4.624808573075316787e+00
1.760008573532104492e+00,3.162818749999999346e-01,4.424000592262189002e+00,-1.724845394940791032e-01,1.089127398071631170e+01,-4.132420147571222557e+00
1.770008563995361328e+00,3.147385937499999620e-01,4.528311285838412914e+00,-1.543282721789067391e-01,1.043107930547481743e+01,-3.567138037677346496e+00
1.780009984970092773e+00,3.133768749999999437e-01,4.628020037050979418e+00,-1.361525280698008822e-01,9.969458486397114072e+00,-2.985415240236426460e+00
1.790009260177612305e+00,3.121740234374999479e-01,4.721592865112003601e+00,-1.202938750596085488e-01,9.357961064083594849e+00,-2.546763054577734664e+00
1.800009489059448242e+00,3.111300390624999745e-01,4.812097731597256178e+00,-1.043960480640827859e-01,9.050279504066393699e+00,-2.158699562754048173e+00
1.810008525848388672e+00,3.102676171874999556e-01,4.896466674930966434e+00,-8.625049524309305604e-02,8.437707062647040956e+00,-1.785368467270150861e+00
1.820008993148803711e+00,3.094959765624999415e-01,4.977767656688905973e+00,-7.716045678865321444e-02,8.129718273721607602e+00,-1.597483539496185045e+00
1.830009698867797852e+00,3.088378124999999752e-01,5.052932715295302302e+00,-6.581176178896339102e-02,7.515975443976602222e+00,-1.408078955292060952e+00
1.840009212493896484e+00,3.082023437499999408e-01,5.125029812325927026e+00,-6.354996590448831750e-02,7.210060381582160893e+00,-1.290073322104710707e+00
1.850009441375732422e+00,3.075895703124999492e-01,5.194058947780781033e+00,-6.127594125500583633e-02,6.902755553948979106e+00,-1.267989038418181558e+00
1.860008955001831055e+00,3.069767968749999576e-01,5.256952160084091830e+00,-6.128032426503814134e-02,6.289627141380169206e+00,-1.236932736520382825e+00
1.870008945465087891e+00,3.063413281249999787e-01,5.316777410811631910e+00,-6.354693560307826672e-02,5.982530778139958372e+00,-1.337731817012243640e+00
1.880009174346923828e+00,3.056604687499999695e-01,5.372000719175515471e+00,-6.808437917223054969e-02,5.522204443159218989e+00,-1.449407430376155270e+00
1.890009403228759766e+00,3.048434374999999807e-01,5.424156065963627427e+00,-8.170125500667443919e-02,5.215415307428121316e+00,-1.590608195772833522e+00
1.900009155273437500e+00,3.039356249999999315e-01,5.471709470388081975e+00,-9.078350102523023712e-02,4.755458356566387046e+00,-1.810438780525425173e+00
1.910009384155273438e+00,3.030051171874999505e-01,5.511592970873108399e+00,-9.304865153537861255e-02,3.988258764503821219e+00,-2.005866120044882184e+00
1.920009613037109375e+00,3.018476562499999849e-01,5.551476471358135711e+00,-1.157434445927869454e-01,3.988258764503910037e+00,-2.306506196285830423e+00
1.930009365081787109e+00,3.004859374999999666e-01,5.588292010267391419e+00,-1.361752515378397976e-01,3.681645179277260205e+00,-2.612823150212032708e+00
1.940009117126464844e+00,2.988972656249999638e-01,5.620505606812988830e+00,-1.588711267941445848e-01,3.221439531867469341e+00,-2.910936902241330060e+00
1.950009346008300781e+00,2.970816406249999764e-01,5.651185222570702216e+00,-1.815583444592777651e-01,3.067891357310706724e+00,-3.302673339940668917e+00
1.960009574890136719e+00,2.949936718749999742e-01,5.675728915176872391e+00,-2.087920961281711230e-01,2.454313085848512266e+00,-3.593260915557770385e+00
1.970009565353393555e+00,2.925652734374999397e-01,5.697204646207271850e+00,-2.428400753403462953e-01,2.147575151127210091e+00,-3.960998197411320199e+00
1.980009317398071289e+00,2.897964453124999840e-01,5.715612415661898815e+00,-2.768896781269327700e-01,1.840822589638541285e+00,-4.338360105197019756e+00
1.990009546279907227e+00,2.866644921874999530e-01,5.729418242752869261e+00,-3.131881441922594322e-01,1.380551110789760338e+00,-4.669947766123115684e+00
2.000020027160644531e+00,2.831694140624999578e-01,5.738622127480184076e+00,-3.491418810584223653e-01,9.194248345277213907e-01,-4.949685923322095782e+00
2.010009527206420898e+00,2.792431249999999809e-01,5.744758050631726398e+00,-3.930415981288313265e-01,6.142372614670175146e-01,-5.298875712383155800e+00
2.020009756088256836e+00,2.748856249999999668e-01,5.746292031419612201e+00,-4.357400267022711327e-01,1.533945678655486700e-01,-5.512502315312413081e+00
2.030009746551513672e+00,2.700742187499999836e-01,5.743224069843840596e+00,-4.811410838518925814e-01,-3.067964501610553896e-01,-5.608602504004867484e+00
2.040009737014770508e+00,2.648089062499999757e-01,5.735554165904412471e+00,-5.265317521398095169e-01,-7.669911254025496561e-01,-5.708652373781079703e+00
2.050009965896606445e+00,2.590442968749999686e-01,5.724816300389212742e+00,-5.764477436582116088e-01,-1.073761975058751705e+00,-5.820368654275954512e+00
2.060009956359863281e+00,2.528257812499999924e-01,5.707942511722470691e+00,-6.218521555444269655e-01,-1.687380475885627007e+00,-5.698860383818882269e+00
2.070009946823120117e+00,2.461533593749999638e-01,5.688000761479957035e+00,-6.672428238323467875e-01,-1.994176926046682397e+00,-5.739513039408006279e+00
2.080009937286376953e+00,2.390497265624999534e-01,5.664991049661672662e+00,-7.103639587058637739e-01,-2.300973376207648968e+00,-5.532846156363699919e+00
2.090010643005371094e+00,2.315375781249999765e-01,5.635845414691845079e+00,-7.511618328326873373e-01,-2.914357825215460718e+00,-5.122416876242356309e+00
2.100010395050048828e+00,2.236169140624999774e-01,5.602097837358360977e+00,-7.920860464450907301e-01,-3.374841414337458989e+00,-4.611978329079507333e+00
2.110010147094726562e+00,2.153331249999999586e-01,5.565282298449106158e+00,-8.283994468551828527e-01,-3.681645179277171387e+00,-4.044230932884693708e+00
2.120009899139404297e+00,2.066862109374999756e-01,5.523864817176193931e+00,-8.647128472652694242e-01,-4.141850826686873432e+00,-3.401659278860138524e+00
2.130009889602661133e+00,1.978350390624999677e-01,5.479379374327510099e+00,-8.851180316143345550e-01,-4.448548527334859060e+00,-2.430912749076412194e+00
2.140010356903076172e+00,1.888703906249999676e-01,5.431825969903055551e+00,-8.964229538681607323e-01,-4.755118235572950880e+00,-1.421663841088308899e+00
2.150010347366333008e+00,1.798376562499999776e-01,5.378136642327057793e+00,-9.032742989294985092e-01,-5.368937877817936410e+00,-2.698455420004360894e-01
2.160010099411010742e+00,1.708276171874999749e-01,5.322913333963175120e+00,-9.010262476753614358e-01,-5.522467768915801933e+00,1.363309507371073703e+00
2.170010328292846680e+00,1.620672265624999719e-01,5.261554102447749237e+00,-8.760190120160216143e-01,-6.135782714621324629e+00,2.824257275795754030e+00
2.180010557174682617e+00,1.536472656249999735e-01,5.198660890144438440e+00,-8.419768224299063464e-01,-6.289177282486784648e+00,4.661570131549054530e+00
2.190010547637939453e+00,1.458173828124999793e-01,5.132699716265355150e+00,-7.829890279665253638e-01,-6.596123678462069151e+00,6.000000000000000000e+00
2.200010776519775391e+00,1.385321874999999869e-01,5.063670580810502031e+00,-7.285028571428563415e-01,-6.902755553948890288e+00,6.000000000000000000e+00
2.210010290145874023e+00,1.319959374999999935e-01,4.991573483779876419e+00,-6.536567921604151676e-01,-7.210060381582249711e+00,6.000000000000000000e+00
2.220010757446289062e+00,1.262086328124999712e-01,4.917942405961365893e+00,-5.787034259148907678e-01,-7.362763719596852496e+00,6.000000000000000000e+00
2.230010747909545898e+00,1.212156640624999782e-01,4.839709385779197959e+00,-4.992973511670593667e-01,-7.823309479106113073e+00,6.000000000000000000e+00
2.240010738372802734e+00,1.170170312499999865e-01,4.756874423233373506e+00,-4.198636816632087543e-01,-8.283504154347607340e+00,6.000000000000000000e+00
2.250010728836059570e+00,1.137035156249999873e-01,4.669437518323891645e+00,-3.313518785017761648e-01,-8.743698829589190424e+00,6.000000000000000000e+00
2.260010719299316406e+00,1.112751171874999806e-01,4.577398671050753265e+00,-2.428400753403435197e-01,-9.203893504830684691e+00,6.000000000000000000e+00
2.270011186599731445e+00,1.098226171874999851e-01,4.480757881413957477e+00,-1.452432127786382476e-01,-9.663627381970940178e+00,6.000000000000000000e+00
2.280011415481567383e+00,1.093914062499999895e-01,4.377981168625620256e+00,-4.312010680907833043e-02,-1.027743604699060498e+01,6.000000000000000000e+00
2.290011882781982422e+00,1.099587890624999786e-01,4.269068532685739825e+00,5.673562999165464998e-02,-1.089075466857037178e+01,6.000000000000000000e+00
2.300011396408081055e+00,1.115247656249999803e-01,4.155553954382201987e+00,1.566052731217664473e-01,-1.135200996249116479e+01,6.000000000000000000e+00
2.310011625289916992e+00,1.141120312499999817e-01,4.034369472139236024e+00,2.587206408544727720e-01,-1.211817086137710042e+01,6.000000000000000000e+00
2.320011138916015625e+00,1.176524999999999793e-01,3.907049066744728183e+00,3.540640957535583500e-01,-1.273265982279406394e+01,6.000000000000000000e+00
2.330011129379272461e+00,1.222369531249999780e-01,3.773592738198677132e+00,4.584457497079368338e-01,-1.334564558200453277e+01,6.000000000000000000e+00
2.340011119842529297e+00,1.277973046874999741e-01,3.634000486501083760e+00,5.560356865269528992e-01,-1.395923848232655473e+01,6.000000000000000000e+00
2.350011348724365234e+00,1.342654687499999777e-01,3.488272311651948066e+00,6.468016021361819856e-01,-1.457248394722556917e+01,6.000000000000000000e+00
2.360012054443359375e+00,1.415279687499999828e-01,3.336408213651269605e+00,7.261987507748062232e-01,-1.518533814191192732e+01,6.000000000000000000e+00
2.370012998580932617e+00,1.493124609374999745e-01,3.183010134862705343e+00,7.783757293727791016e-01,-1.533835972668343928e+01,6.000000000000000000e+00
2.380012512207031250e+00,1.574600781249999859e-01,3.026544094498369919e+00,8.148013485610750006e-01,-1.564736508343371746e+01,-4.148224910069657767e-01
2.390011787414550781e+00,1.655169140624999646e-01,2.873146015709806100e+00,8.057419933237938148e-01,-1.534091977718617983e+01,-1.553149409346745280e+00
2.400012731552124023e+00,1.722574218749999830e-01,2.736621725587983889e+00,6.739871475910095278e-01,-1.365114015674826220e+01,2.720178347893334347e+00
2.410012483596801758e+00,1.796107031249999653e-01,2.577087723647877304e+00,7.353463583043232665e-01,-1.595379577686797923e+01,2.375744716804786272e-01
2.420011997222900391e+00,1.856476562499999872e-01,2.435961491162398129e+00,6.037246760926084921e-01,-1.411330968309709455e+01,1.989098123690503206e+00
2.430012226104736328e+00,1.910037499999999722e-01,2.300971181828461720e+00,5.355971161548717108e-01,-1.349872197216686054e+01,2.932933638453509850e+00
2.440012216567993164e+00,1.957924609374999680e-01,2.172116795646068077e+00,4.788715504374980725e-01,-1.288545090676294969e+01,3.641473090475079388e+00
2.450012683868408203e+00,2.000818749999999646e-01,2.047864351827330953e+00,4.289213627369170556e-01,-1.242466377681974876e+01,4.726238496675431833e+00
2.460011720657348633e+00,2.039854687499999819e-01,1.928213850372251015e+00,3.903969784687301159e-01,-1.196620274339034395e+01,5.816608283521413902e+00
2.470012187957763672e+00,2.076848046874999743e-01,1.813165291280827818e+00,3.699163075455946803e-01,-1.150431831187013110e+01,6.000000000000000000e+00
2.480011940002441406e+00,2.112706640624999743e-01,1.704252655340947387e+00,3.585948290496399626e-01,-1.089153365536179052e+01,6.000000000000000000e+00
2.490011930465698242e+00,2.148111328124999719e-01,1.598407980976838116e+00,3.540472126457332447e-01,-1.058447753055530072e+01,6.000000000000000000e+00
2.500011920928955078e+00,2.183289062499999822e-01,1.498699229764271390e+00,3.517776792313387912e-01,-9.970884630233255663e+00,6.000000000000000000e+00
2.510011911392211914e+00,2.218920703124999672e-01,1.403592420915361627e+00,3.563167460601276981e-01,-9.510689954991716988e+00,0.000000000000000000e+00
2.520013570785522461e+00,2.252509765624999549e-01,1.313087554430108828e+00,3.358348967818819975e-01,-9.048985065996705046e+00,0.000000000000000000e+00
2.530012607574462891e+00,2.283602343749999708e-01,1.225650649520627189e+00,3.109557328500933693e-01,-8.744532774016034793e+00,0.000000000000000000e+00
2.540013074874877930e+00,2.311971484374999719e-01,1.144349667762688316e+00,2.836781499582788357e-01,-8.129718273721541877e+00,0.000000000000000000e+00
2.550014495849609375e+00,2.332624218749999589e-01,1.079922474671491273e+00,2.064980009058605959e-01,-6.441803945056618907e+00,3.045353061929700900e-02
2.560013055801391602e+00,2.360993359374999601e-01,9.894176081862386951e-01,2.837322650642631894e-01,-9.051790149952568143e+00,6.000000000000000000e+00
2.570013046264648438e+00,2.385958203124999566e-01,9.157865303677277247e-01,2.496486755835296834e-01,-7.363114803864574398e+00,6.000000000000000000e+00
2.580013036727905273e+00,2.412738671874999630e-01,8.513593372765306810e-01,2.678049428986964964e-01,-6.442725453381497047e+00,6.000000000000000000e+00
2.590013027191162109e+00,2.441788671874999539e-01,7.869321441853340815e-01,2.905002770426522440e-01,-6.442725453381452638e+00,6.000000000000000000e+00
2.600013017654418945e+00,2.471292578124999750e-01,7.286408742456793597e-01,2.950393438714467020e-01,-5.829132553059475086e+00,6.000000000000000000e+00
2.610012531280517578e+00,2.501704296874999733e-01,6.734175658817966870e-01,3.041319796857488433e-01,-5.522599441211858640e+00,6.000000000000000000e+00
2.620012760162353516e+00,2.533023828124999488e-01,6.212622190936847311e-01,3.131881441922538811e-01,-5.215415307428121316e+00,6.000000000000000000e+00
2.630012512207031250e+00,2.566612890624999643e-01,5.706408530934585777e-01,3.358989537933352310e-01,-5.062262121506188706e+00,6.000000000000000000e+00
2.640012502670288086e+00,2.602698437499999518e-01,5.246214294568893877e-01,3.608558128889194361e-01,-4.601946752415342345e+00,6.000000000000000000e+00
2.650012969970703125e+00,2.638557031249999518e-01,4.816699673960913586e-01,3.585691815472643040e-01,-4.294945503098186457e+00,6.000000000000000000e+00
2.660012483596801758e+00,2.676231249999999617e-01,4.417864669110644904e-01,3.767605121480184227e-01,-3.988544040875280139e+00,6.000000000000000000e+00
2.670013189315795898e+00,2.716855859374999738e-01,4.034369472139234247e-01,4.062174262146581172e-01,-3.834681348967662107e+00,6.000000000000000000e+00
2.680012702941894531e+00,2.759296093749999401e-01,3.681553890925539640e-01,4.244229865763777254e-01,-3.528327420774240331e+00,6.000000000000000000e+00
2.690012693405151367e+00,2.806502343749999739e-01,3.374757733348410227e-01,4.720629501943147122e-01,-3.067964501610243033e+00,6.000000000000000000e+00
2.700013160705566406e+00,2.855978124999999368e-01,3.098641191528996863e-01,4.947346935272343149e-01,-2.761036394848808584e+00,6.000000000000000000e+00
2.710013628005981445e+00,2.907950390624999826e-01,2.868544073346148693e-01,5.196983707235711680e-01,-2.300863662374044161e+00,6.000000000000000000e+00
2.720012664794921875e+00,2.962419140624999447e-01,2.623107147284446938e-01,5.447399699563614250e-01,-2.454605690951858321e+00,6.000000000000000000e+00
2.730012893676757812e+00,3.017114843749999498e-01,2.408349836980456793e-01,5.469445126835785764e-01,-2.147523950117459002e+00,6.000000000000000000e+00
2.740013122558593750e+00,3.075214843749999316e-01,2.208932334555324672e-01,5.809867022696910688e-01,-1.994129382251910609e+00,6.000000000000000000e+00
2.750013113021850586e+00,3.135357421874999662e-01,2.040194447887904161e-01,6.014263548148712779e-01,-1.687380475885627007e+00,6.000000000000000000e+00
2.760013341903686523e+00,3.197996484374999726e-01,1.902136176978195259e-01,6.263762883845133134e-01,-1.380551110789804747e+00,6.000000000000000000e+00
2.770013332366943359e+00,3.263132031249999510e-01,1.779417713947344382e-01,6.513560899315716801e-01,-1.227185800644088332e+00,6.000000000000000000e+00
2.780013799667358398e+00,3.332125781249999363e-01,1.656699250916493504e-01,6.899052606985323077e-01,-1.227127286599475342e+00,6.000000000000000000e+00
2.790014266967773438e+00,3.405204687499999716e-01,1.610679827279923870e-01,7.307549142925294783e-01,-4.601727324748088321e-01,4.291297325993546075e+00
2.800024986267089844e+00,3.482822656249999760e-01,1.549320595764496211e-01,7.753485681623325521e-01,-6.129352914691919008e-01,6.000000000000000000e+00
2.810014247894287109e+00,3.563617968749999698e-01,1.533980787885642627e-01,8.088216678600403942e-01,-1.535629804418041644e-01,3.404432146974945450e+00
2.820014238357543945e+00,3.645321093749999686e-01,1.533980787885642627e-01,8.170320291824617609e-01,0.000000000000000000e+00,2.427852046652849261e+00
2.830014944076538086e+00,3.730428515624999442e-01,1.549320595764496211e-01,8.510141610642230070e-01,1.533872539586780825e-01,1.676190815353975738e+00
2.840013980865478516e+00,3.816670703124999675e-01,1.564660403643354236e-01,8.625049524309138516e-01,1.534128556845077984e-01,1.788975999934098393e+00
2.850025415420532227e+00,3.902685937499999480e-01,1.595340019401065845e-01,8.591699211735828179e-01,3.064457504966131562e-01,5.350914081069452211e-01
2.860013723373413086e+00,3.988247265624999538e-01,1.641359443037635479e-01,8.566148393564716468e-01,4.607329274754345949e-01,-7.908733880460857568e-01
2.870013952255249023e+00,4.072900781249999547e-01,1.687378866674205113e-01,8.465157810413885819e-01,4.601837035966015454e-01,-1.068380390248080181e+00
2.880013942718505859e+00,4.155284765624999155e-01,1.733398290310774748e-01,8.238406294256451767e-01,4.601946752415386754e-01,-1.500996946902446894e+00
2.890013933181762695e+00,4.234945312499999170e-01,1.794757521826197966e-01,7.966062284529005222e-01,6.135929003220219613e-01,-3.182656548782181183e+00
2.900013446807861328e+00,4.310747656249999671e-01,1.825437137583914016e-01,7.580603075749317021e-01,3.068110800673600203e-01,-1.479648103069445053e+00
2.910013675689697266e+00,4.382918749999999419e-01,1.840776945462767600e-01,7.216944192256317114e-01,1.533945678655042610e-01,-8.102073832083016569e-01
2.920014142990112305e+00,4.452593359374999449e-01,1.856116753341625625e-01,6.967135362975327428e-01,1.533909108249510711e-01,-1.135476458633200902e+00
2.930013895034790039e+00,4.519998437499999633e-01,1.856116753341625625e-01,6.740674951122997971e-01,0.000000000000000000e+00,-2.416914569735777452e-01
2.940014123916625977e+00,4.582410546874999269e-01,1.856116753341625625e-01,6.241068090787680323e-01,0.000000000000000000e+00,-7.933217580469626995e-01
2.950013875961303711e+00,4.638921874999999417e-01,1.840776945462767600e-01,5.651272938820290914e-01,-1.534018824699006356e-01,-2.543548859495682324e-01
2.960014343261718750e+00,4.689759374999999397e-01,1.810097329705055991e-01,5.083512447252351851e-01,-3.067818216498577333e-01,3.773263864829679015e-01
2.970014095306396484e+00,4.735149999999999082e-01,1.764077906068486357e-01,4.539175051261233884e-01,-4.602056474096575256e-01,1.105399702095117176e+00
2.980014085769653320e+00,4.775547656249999329e-01,1.702718674553063138e-01,4.039769477624419736e-01,-6.135929003220219613e-01,1.951826755664832769e+00
2.990014076232910156e+00,4.811406249999999329e-01,1.610679827279923870e-01,3.585862794745249826e-01,-9.203893504830773509e-01,4.116166515201469700e+00
3.000014066696166992e+00,4.842725781249999084e-01,1.518640980006784602e-01,3.131956111866079362e-01,-9.203893504830773509e-01,4.024629187499047411e+00
3.010014533996582031e+00,4.870867968749999499e-01,1.426602132733645334e-01,2.814087247586166129e-01,-9.203454649496176643e-01,4.088816788794828128e+00
3.020014524459838867e+00,4.895832812499999465e-01,1.319223477581652482e-01,2.496486755835296834e-01,-1.073787575563560637e+00,5.350869135381778996e+00
3.030015230178833008e+00,4.917620312499999535e-01,1.196505014550801604e-01,2.178596252324424276e-01,-1.227098031669646483e+00,6.000000000000000000e+00
3.040014982223510742e+00,4.936684374999999458e-01,1.073786551519950727e-01,1.906453521529723749e-01,-1.227215059759071858e+00,6.000000000000000000e+00
3.050015211105346680e+00,4.953251953124999107e-01,9.357282806102418249e-02,1.656719893190886084e-01,-1.380551110789804747e+00,6.000000000000000000e+00
3.060014486312866211e+00,4.967096093749999164e-01,7.976700097005329226e-02,1.384514411063429706e-01,-1.380682779946770911e+00,6.000000000000000000e+00
3.070014476776123047e+00,4.977989843749999199e-01,6.749515466696820454e-02,1.089376038909952715e-01,-1.227185800644088332e+00,6.000000000000000000e+00
3.080014705657958984e+00,4.988202734374999059e-01,5.215534678811195590e-02,1.021265687583430559e-01,-1.533945678655308953e+00,6.000000000000000000e+00
3.090014696121215820e+00,4.996373046874999502e-01,3.681553890925526318e-02,8.170320291825061698e-02,-1.533982250805143721e+00,6.000000000000000000e+00
3.100014686584472656e+00,5.002954687499999720e-01,1.994175024251321204e-02,6.581646901747827128e-02,-1.687380475885627007e+00,6.000000000000000000e+00
3.110014915466308594e+00,5.007720703124999284e-01,3.067961575771160909e-03,4.765906542055638878e-02,-1.687340246520857567e+00,6.000000000000000000e+00
3.120014905929565430e+00,5.011124999999999607e-01,-1.380582709097089023e-02,3.404300121593914485e-02,-1.687380475885627007e+00,6.000000000000000000e+00
3.130014657974243164e+00,5.013167578124999579e-01,-3.221359654559829977e-02,2.042628773067541384e-02,-1.840822589638585693e+00,6.000000000000000000e+00
3.140015125274658203e+00,5.013848437499999200e-01,-5.062136600022615340e-02,6.808275598994894401e-03,-1.840690929899235329e+00,6.000000000000000000e+00
3.150015115737915039e+00,5.013621484374999326e-01,-7.056311624273936545e-02,-2.269533414394462982e-03,-1.994176926046637988e+00,6.000000000000000000e+00
3.160014867782592773e+00,5.012486718749998849e-01,-8.897088569736721908e-02,-1.134793762815794298e-02,-1.840822589638630102e+00,6.000000000000000000e+00
3.170014858245849609e+00,5.011124999999999607e-01,-1.104466167277662336e-01,-1.361720048636677616e-02,-2.147575151127165682e+00,6.000000000000000000e+00
3.180015087127685547e+00,5.009990234374999130e-01,-1.303883669702794457e-01,-1.134739652870971754e-02,-1.994129382251910609e+00,6.000000000000000000e+00
3.190015077590942383e+00,5.008855468749999762e-01,-1.518640980006784602e-01,-1.134766707197231404e-02,-2.147575151127165682e+00,6.000000000000000000e+00
3.200015068054199219e+00,5.007720703124999284e-01,-1.748738098189632773e-01,-1.134766707198341627e-02,-2.300973376207693377e+00,6.000000000000000000e+00
3.210015296936035156e+00,5.006585937499998806e-01,-1.978835216372476502e-01,-1.134739652870971754e-02,-2.300918517982963429e+00,6.000000000000000000e+00
3.220015287399291992e+00,5.005451171874999439e-01,-2.208932334555324672e-01,-1.134766707197231404e-02,-2.300973376207693377e+00,6.000000000000000000e+00
3.230015516281127930e+00,5.004089453124999087e-01,-2.454369260617026427e-01,-1.361687583444944061e-02,-2.454313085848512266e+00,6.000000000000000000e+00
3.240015268325805664e+00,5.002500781249998862e-01,-2.715145994557586206e-01,-1.588711267941667754e-02,-2.607832001988044546e+00,6.000000000000000000e+00
3.250015258789062500e+00,5.001139062499999621e-01,-2.991262536376999570e-01,-1.361720048636677616e-02,-2.761168051449187644e+00,6.000000000000000000e+00
3.260015487670898438e+00,4.999323437499999523e-01,-3.282718886075270959e-01,-1.815583444592888673e-02,-2.914496789445113478e+00,6.000000000000000000e+00
3.270015954971313477e+00,4.997734765624999298e-01,-3.589515043652400372e-01,-1.588597639766585468e-02,-3.067818216498710893e+00,6.000000000000000000e+00
3.280016422271728516e+00,4.995692187499999326e-01,-3.911651009108383370e-01,-2.042482679699578543e-02,-3.221209127323617416e+00,6.000000000000000000e+00
3.290016174316406250e+00,4.993422656249999481e-01,-4.249126782443224393e-01,-2.269587525630478372e-02,-3.374841414337458989e+00,6.000000000000000000e+00
3.300016164779663086e+00,4.990926171874999207e-01,-4.601942363656923440e-01,-2.496486755835574528e-02,-3.528159176851781709e+00,6.000000000000000000e+00
3.310015916824340820e+00,4.988656640624999361e-01,-4.985437560628334097e-01,-2.269587525630478372e-02,-3.835047061747116626e+00,6.000000000000000000e+00
3.320016145706176758e+00,4.986160156249999087e-01,-5.384272565478598338e-01,-2.496427236315360704e-02,-3.988258764503821219e+00,6.000000000000000000e+00
3.330015659332275391e+00,4.983890624999999241e-01,-5.798447378207725045e-01,-2.269641639445733883e-02,-4.141949580908960371e+00,6.000000000000000000e+00
3.340015888214111328e+00,4.981848046874999270e-01,-6.243301806694558920e-01,-2.042531375166860980e-02,-4.448442468100422431e+00,6.000000000000000000e+00
3.350016117095947266e+00,4.979578515624999424e-01,-6.718835850939108845e-01,-2.269479305740833286e-02,-4.755231603831520104e+00,6.000000000000000000e+00
3.360015869140625000e+00,4.977762890624999326e-01,-7.225049510941370379e-01,-1.815670020504604742e-02,-5.062262121506188706e+00,6.000000000000000000e+00
3.370015859603881836e+00,4.975947265624999227e-01,-7.761942786701343522e-01,-1.815626731516680609e-02,-5.368937877817892002e+00,6.000000000000000000e+00
3.380015850067138672e+00,4.974585546874999431e-01,-8.314175870340174690e-01,-1.361720048637232727e-02,-5.522336102898419696e+00,6.000000000000000000e+00
3.390016555786132812e+00,4.973450781249999508e-01,-8.912428377615571051e-01,-1.134685548085556661e-02,-5.982102904389510201e+00,6.000000000000000000e+00
3.400015830993652344e+00,4.973223828124999080e-01,-9.541360500648687903e-01,-2.269695755845965203e-03,-6.289777108646386061e+00,6.000000000000000000e+00
3.410016059875488281e+00,4.973450781249999508e-01,-1.020097223943951192e+00,2.269479305745274178e-03,-6.595966418217881433e+00,6.000000000000000000e+00
3.420016050338745117e+00,4.974812499999999305e-01,-1.090660340186691002e+00,1.361720048637232727e-02,-7.056318353703563417e+00,6.000000000000000000e+00
3.430016279220581055e+00,4.976855078124999276e-01,-1.164291418005201528e+00,2.042531375166860980e-02,-7.362939257545535909e+00,6.000000000000000000e+00
3.440016269683837891e+00,4.980032421874999171e-01,-1.244058418975255265e+00,3.177346780153913336e-02,-7.976707704186640768e+00,6.000000000000000000e+00
3.450016498565673828e+00,4.984117578124999115e-01,-1.325359400733193915e+00,4.085062750333721959e-02,-8.129912096873191274e+00,6.000000000000000000e+00
3.460016489028930664e+00,4.990018359374999157e-01,-1.412796305642675776e+00,5.900786877428933902e-02,-8.743698829589190424e+00,6.000000000000000000e+00
3.470016479492187500e+00,4.997734765624999298e-01,-1.503301172127928353e+00,7.716413608945614511e-02,-9.050495279750156996e+00,6.000000000000000000e+00
3.480016708374023438e+00,5.007266796874999537e-01,-1.598407980976838338e+00,9.531813084112387979e-02,-9.510463207663040208e+00,6.000000000000000000e+00
3.490016698837280273e+00,5.019295312499999495e-01,-1.698116732189404843e+00,1.202852709629731454e-01,-9.970884630233234347e+00,6.000000000000000000e+00
3.500016927719116211e+00,5.033820312499999172e-01,-1.802427425765628755e+00,1.452466755674199916e-01,-1.043083061485624263e+01,6.000000000000000000e+00
3.510016441345214844e+00,5.050841796874999678e-01,-1.912874042493394100e+00,1.702231229584466876e-01,-1.104519888242371728e+01,6.000000000000000000e+00
3.520016908645629883e+00,5.071040624999999524e-01,-2.026388620796931939e+00,2.019788427702929046e-01,-1.135092740104522591e+01,6.000000000000000000e+00
3.530016660690307617e+00,5.093962890624998963e-01,-2.144505141464126297e+00,2.292283400886882816e-01,-1.181194495018110580e+01,6.000000000000000000e+00
3.540016651153564453e+00,5.120743359374999581e-01,-2.268757585282862976e+00,2.678049428987020475e-01,-1.242525623152141101e+01,6.000000000000000000e+00
3.550016403198242188e+00,5.151835937499998908e-01,-2.396077990677371261e+00,3.109334910113899508e-01,-1.273235624500042107e+01,6.000000000000000000e+00
3.560016632080078125e+00,5.185424999999999063e-01,-2.528000338435536953e+00,3.358829372496677790e-01,-1.319193283643585168e+01,6.000000000000000000e+00
3.570020198822021484e+00,5.214474999999999527e-01,-2.661456666981587560e+00,2.903964230897610466e-01,-1.334087450893784776e+01,6.000000000000000000e+00
3.580016851425170898e+00,5.231723437499998797e-01,-2.791845033951866561e+00,1.725421316988169085e-01,-1.304320277461683020e+01,6.000000000000000000e+00
3.590017080307006836e+00,5.231042578124999176e-01,-2.914563496982718327e+00,-6.808437917219170056e-03,-1.227156542924264926e+01,6.000000000000000000e+00
3.600016832351684570e+00,5.216517578124999499e-01,-3.032680017649912685e+00,-1.452536016403572772e-01,-1.181194495018110580e+01,6.000000000000000000e+00
3.610017061233520508e+00,5.196545703124999527e-01,-3.149262557529221240e+00,-1.997141789052066518e-01,-1.165798715778045391e+01,6.000000000000000000e+00
3.620017290115356445e+00,5.176346874999999681e-01,-3.265845097408529796e+00,-2.019836582109463818e-01,-1.165798715778045391e+01,6.000000000000000000e+00
3.630017995834350586e+00,5.158190624999999807e-01,-3.380893656499953437e+00,-1.815496876937001680e-01,-1.150404404690303117e+01,6.000000000000000000e+00
3.640017509460449219e+00,5.141169140624999301e-01,-3.495942215591376190e+00,-1.702231229584466876e-01,-1.150541550252475709e+01,6.000000000000000000e+00
3.650017499923706055e+00,5.123920703124998921e-01,-3.610990774682798943e+00,-1.724845394940791032e-01,-1.150486688103833366e+01,6.000000000000000000e+00
3.660017013549804688e+00,5.105764453124999047e-01,-3.721437391410565176e+00,-1.815713311556698129e-01,-1.104519888242380610e+01,6.000000000000000000e+00
3.670017480850219727e+00,5.086019531249998948e-01,-3.828816046562560693e+00,-1.974399923709629634e-01,-1.073736375774550922e+01,6.000000000000000000e+00
3.680017709732055664e+00,5.064458984374998751e-01,-3.933126740138783717e+00,-2.156005340453958363e-01,-1.043083061485615382e+01,6.000000000000000000e+00
3.690017223358154297e+00,5.039721093749999214e-01,-4.032835491351350221e+00,-2.473909386995971904e-01,-9.971360102188134178e+00,6.000000000000000000e+00
3.700017690658569336e+00,5.011351953124999481e-01,-4.127942300200260206e+00,-2.836781499582760602e-01,-9.510236471145990578e+00,6.000000000000000000e+00
3.710017204284667969e+00,4.979805468749999298e-01,-4.218447166685512784e+00,-3.154801878829803230e-01,-9.050926861986143379e+00,6.000000000000000000e+00
3.720017433166503906e+00,4.945535546874999522e-01,-4.304350090807108842e+00,-3.426913751668869690e-01,-8.590095800469836007e+00,6.000000000000000000e+00
3.730017662048339844e+00,4.908542187499999043e-01,-4.385651072565048381e+00,-3.699251268357858224e-01,-8.129912096873280092e+00,6.000000000000000000e+00
3.740017414093017578e+00,4.869506249999999148e-01,-4.462350111959330512e+00,-3.903690544084678082e-01,-7.670094123494233251e+00,6.000000000000000000e+00
3.750017642974853516e+00,4.828654687499999154e-01,-4.532913228202069433e+00,-4.085062750333777748e-01,-7.056150121814439125e+00,6.000000000000000000e+00
3.760017633438110352e+00,4.786441406249999364e-01,-4.600408382869037638e+00,-4.221332150776032077e-01,-6.749521903542508028e+00,6.000000000000000000e+00
3.770018577575683594e+00,4.743547265624999398e-01,-4.661767614384463521e+00,-4.289009121033681704e-01,-6.135343890673393474e+00,6.000000000000000000e+00
3.780018329620361328e+00,4.699518359374999510e-01,-4.720058884324117798e+00,-4.402999799723416596e-01,-5.829271533855602705e+00,6.000000000000000000e+00
3.790018558502197266e+00,4.655035546874999319e-01,-4.772214231112229754e+00,-4.448179439252355483e-01,-5.215415307428121316e+00,6.000000000000000000e+00
3.800018310546875000e+00,4.609644921874999635e-01,-4.819767635536684303e+00,-4.539175051261233884e-01,-4.755458356566387046e+00,6.000000000000000000e+00
3.810018301010131836e+00,4.565162109374999444e-01,-4.864253078385369022e+00,-4.448285492215645065e-01,-4.448548527334947877e+00,6.000000000000000000e+00
3.820017814636230469e+00,4.521360156249999429e-01,-4.901068617294622953e+00,-4.380408364130565779e-01,-3.681732960807787336e+00,6.000000000000000000e+00
3.830018043518066406e+00,4.479373828124999513e-01,-4.936350175415993746e+00,-4.198536715620819204e-01,-3.528075060907352789e+00,6.000000000000000000e+00
3.840018033981323242e+00,4.437387499999999596e-01,-4.965495810385821329e+00,-4.198636816632087543e-01,-2.914566276529759747e+00,6.000000000000000000e+00
3.850018024444580078e+00,4.397443749999999651e-01,-4.990039502991990616e+00,-3.994378809336475156e-01,-2.454371601288087845e+00,6.000000000000000000e+00
3.860018014907836914e+00,4.358180859374999327e-01,-5.009981253234503384e+00,-3.926292806904640997e-01,-1.994176926046593579e+00,6.000000000000000000e+00
3.870018005371093750e+00,4.320279687499999355e-01,-5.026855041901246324e+00,-3.790120802040862213e-01,-1.687380475885715825e+00,6.000000000000000000e+00
3.880018472671508789e+00,4.283513281249999305e-01,-5.037592907416446053e+00,-3.676468823459296820e-01,-1.073736375774568819e+00,6.000000000000000000e+00
3.890018224716186523e+00,4.248108593749999606e-01,-5.043728830567987487e+00,-3.540556539983756856e-01,-6.136075298794249067e-01,6.000000000000000000e+00
3.900018453598022461e+00,4.213838671874999275e-01,-5.045262811355874177e+00,-3.426913751668925201e-01,-1.533945678656374878e-01,6.000000000000000000e+00
3.910018205642700195e+00,4.180476562499999549e-01,-5.042194849780102572e+00,-3.336293662677002891e-01,3.068037649398012712e-01,6.000000000000000000e+00
3.920018434524536133e+00,4.148476171874999618e-01,-5.034524945840674448e+00,-3.199965821094786222e-01,7.669728393276544764e-01,6.000000000000000000e+00
3.930018424987792969e+00,4.118291406249999231e-01,-5.022253099537589804e+00,-3.018479441146356135e-01,1.227185800644043923e+00,6.000000000000000000e+00
3.940018653869628906e+00,4.089241406249999322e-01,-5.005379310870846865e+00,-2.904933511348455344e-01,1.687340246520946385e+00,6.000000000000000000e+00
3.950018405914306641e+00,4.061553124999999209e-01,-4.983903579840447406e+00,-2.768896781269383212e-01,2.147626354578431318e+00,6.000000000000000000e+00
3.960018634796142578e+00,4.034999609374999574e-01,-4.959359887234278119e+00,-2.655290787716919620e-01,2.454313085848423448e+00,6.000000000000000000e+00
3.970018863677978516e+00,4.009126953124999559e-01,-4.928680271476565622e+00,-2.587206408544727720e-01,3.067891357310617906e+00,6.000000000000000000e+00
3.980018377304077148e+00,3.983708203124999292e-01,-4.893398713355194829e+00,-2.541998636179421678e-01,3.528327420774373557e+00,6.000000000000000000e+00
3.990018844604492188e+00,3.958516406249999453e-01,-4.855049193658054207e+00,-2.519061971629498742e-01,3.834772770623332772e+00,6.000000000000000000e+00
4.000018596649169922e+00,3.933551562499999488e-01,-4.810563750809370376e+00,-2.496546278193692570e-01,4.448654591626675092e+00,6.000000000000000000e+00
4.010018825531005859e+00,3.908359765624999649e-01,-4.761476365597030025e+00,-2.519122029372480309e-01,4.908626171697024532e+00,6.000000000000000000e+00
4.020018815994262695e+00,3.883394921874999683e-01,-4.707787038021033155e+00,-2.496486755835296834e-01,5.368937877817847593e+00,6.000000000000000000e+00
4.030018806457519531e+00,3.857976171874999416e-01,-4.649495768081377989e+00,-2.541877424123241691e-01,5.829132553059519495e+00,6.000000000000000000e+00
4.040018796920776367e+00,3.831649609374999654e-01,-4.586602555778067192e+00,-2.632658760699019829e-01,6.289327228300924943e+00,6.000000000000000000e+00
4.050019025802612305e+00,3.804415234374999288e-01,-4.520641381898984790e+00,-2.723375166889221988e-01,6.595966418217881433e+00,6.000000000000000000e+00
4.060019254684448242e+00,3.775819140624999681e-01,-4.447010304080473375e+00,-2.859543925233605788e-01,7.362939257545624727e+00,6.000000000000000000e+00
4.070019483566284180e+00,3.745407421874999421e-01,-4.371845245474077046e+00,-3.041102269692950166e-01,7.516333825411084746e+00,6.000000000000000000e+00
4.080019235610961914e+00,3.712953124999999743e-01,-4.289010282928252593e+00,-3.245510161651772862e-01,8.283701653373746865e+00,6.000000000000000000e+00
4.090019226074218750e+00,3.678229296874999665e-01,-4.203107358806656535e+00,-3.472386124025471088e-01,8.590300604508662730e+00,6.000000000000000000e+00
4.100019216537475586e+00,3.640782031249999440e-01,-4.114136473109289760e+00,-3.744730133752973145e-01,8.897097054669629301e+00,6.000000000000000000e+00
4.110018968582153320e+00,3.600838281249999495e-01,-4.019029664260379775e+00,-3.994474045109908111e-01,9.510916713132862910e+00,6.000000000000000000e+00
4.120019197463989258e+00,3.557717187499999656e-01,-3.919320913047813271e+00,-4.312010680907861215e-01,9.970646911259597900e+00,6.000000000000000000e+00
4.130018949508666992e+00,3.512099609374999543e-01,-3.815010219471589359e+00,-4.561870926517583302e-01,1.043132800795217818e+01,6.000000000000000000e+00
4.140019416809082031e+00,3.463758593749999282e-01,-3.707631564319594730e+00,-4.833875675289094898e-01,1.073736375774542040e+01,6.000000000000000000e+00
4.150019645690917969e+00,3.412921093749999302e-01,-3.597184947591828497e+00,-5.083633644859810730e-01,1.104440888631834916e+01,6.000000000000000000e+00
4.160019397735595703e+00,3.360721874999999526e-01,-3.483670369288290658e+00,-5.220051308950433011e-01,1.135173930277149346e+01,6.000000000000000000e+00
4.170019626617431641e+00,3.307387890624999272e-01,-3.368621810196867905e+00,-5.333276368491347563e-01,1.150459258991490685e+01,6.000000000000000000e+00
4.180019617080688477e+00,3.254053906249999573e-01,-3.253573251105445152e+00,-5.333403523829929327e-01,1.150486688103833366e+01,6.000000000000000000e+00
4.190019607543945312e+00,3.201854687499999796e-01,-3.136990711226136597e+00,-5.219926853110150589e-01,1.165826510611886135e+01,6.000000000000000000e+00
4.200019598007202148e+00,3.151924999999999311e-01,-3.021942152134712956e+00,-4.992973511670649178e-01,1.150486688103842248e+01,6.000000000000000000e+00
4.210019588470458984e+00,3.104718749999999527e-01,-2.909961554619060919e+00,-4.720629501943091610e-01,1.119807043087736709e+01,6.000000000000000000e+00
4.220020294189453125e+00,3.065682812499999632e-01,-2.811786784194380218e+00,-3.903318285414570377e-01,9.816784253357171863e+00,6.000000000000000000e+00
4.230020761489868164e+00,3.026192968749999435e-01,-2.705942109830271392e+00,-3.948799847419259268e-01,1.058397284692046902e+01,6.000000000000000000e+00
4.240020751953125000e+00,2.991242187499999483e-01,-2.603165397041933282e+00,-3.495081458169415622e-01,1.027768108039428974e+01,6.000000000000000000e+00
4.250020027160644531e+00,2.961738281249999827e-01,-2.504990626617251692e+00,-2.950604482594147981e-01,9.818188657399229413e+00,6.000000000000000000e+00
4.260020017623901367e+00,2.937000390624999735e-01,-2.411417798556227510e+00,-2.473791421691352299e-01,9.357291729911212386e+00,6.000000000000000000e+00
4.270020484924316406e+00,2.917255468749999636e-01,-2.323980893646746537e+00,-1.974399923709629634e-01,8.743281917021233696e+00,6.000000000000000000e+00
4.280020475387573242e+00,2.902503515624999531e-01,-2.239611950313036282e+00,-1.475196719357233510e-01,8.436902379428135035e+00,6.000000000000000000e+00
4.290020465850830078e+00,2.892063671874999797e-01,-2.161378930130868348e+00,-1.043985370622007997e-01,7.823309479106113073e+00,6.000000000000000000e+00
4.300020456314086914e+00,2.885255078124999706e-01,-2.087747852312357821e+00,-6.808600243187273859e-02,7.363114803864529989e+00,6.000000000000000000e+00
4.310020446777343750e+00,2.881850781249999383e-01,-2.018718716857503814e+00,-3.404300121593914485e-02,6.902920128623035723e+00,6.000000000000000000e+00
4.320020675659179688e+00,2.881396874999999635e-01,-1.954291523766307215e+00,-4.538958611479446126e-03,6.442571850352333485e+00,6.000000000000000000e+00
4.330020189285278320e+00,2.883212499999999734e-01,-1.894466273038767135e+00,1.815713311556808873e-02,5.982816061312898448e+00,6.000000000000000000e+00
4.340020179748535156e+00,2.886616796874999502e-01,-1.840776945462769376e+00,3.404300121593359374e-02,5.368937877817936410e+00,6.000000000000000000e+00
4.350020408630371094e+00,2.891155859374999748e-01,-1.790155579462543223e+00,4.538958611482221683e-02,5.062020739562572480e+00,6.000000000000000000e+00
4.360020399093627930e+00,2.896829687499999362e-01,-1.745670136613859391e+00,5.673833535988932752e-02,4.448548527334859060e+00,6.000000000000000000e+00
4.370020627975463867e+00,2.902730468749999404e-01,-1.704252655340947165e+00,5.900646194926611326e-02,4.141653332369370055e+00,6.000000000000000000e+00
4.380020380020141602e+00,2.909312109374999622e-01,-1.668971097219577260e+00,6.581803824329053587e-02,3.528243296807359819e+00,6.000000000000000000e+00
4.390020370483398438e+00,2.915893749999999840e-01,-1.636757500673978960e+00,6.581646901747827128e-02,3.221362726690726319e+00,6.000000000000000000e+00
4.400020599365234375e+00,2.922475390624999503e-01,-1.609145846492037180e+00,6.581489986648528245e-02,2.761102221579609495e+00,6.000000000000000000e+00
4.410020828247070312e+00,2.929057031249999721e-01,-1.587670115461638609e+00,6.581489986649083357e-02,2.147523950117414593e+00,6.000000000000000000e+00
4.420020580291748047e+00,2.935184765624999637e-01,-1.570796326794896558e+00,6.127886319202624499e-02,1.687420707168729495e+00,6.000000000000000000e+00
4.430020570755004883e+00,2.941085546874999679e-01,-1.556990499703926112e+00,5.900786877428933902e-02,1.380584025724571617e+00,6.000000000000000000e+00
4.440021038055419922e+00,2.946305468749999545e-01,-1.549320595764497988e+00,5.219677959232194714e-02,7.669545541246666209e-01,6.000000000000000000e+00
4.450020790100097656e+00,2.951071484374999665e-01,-1.546252634188726383e+00,4.766133803824448151e-02,3.068037649398012712e-01,6.000000000000000000e+00
4.460021018981933594e+00,2.955610546874999356e-01,-1.547786614976612185e+00,4.538958611481666572e-02,-1.533945678655486700e-01,6.000000000000000000e+00
4.470020771026611328e+00,2.959468749999999426e-01,-1.553922538128154507e+00,3.858298793572145780e-02,-6.136075298795137245e-01,6.000000000000000000e+00
4.480020761489868164e+00,2.962873046874999750e-01,-1.563126422855468434e+00,3.404300121593914485e-02,-9.203893504830773509e-01,6.000000000000000000e+00
4.490020990371704102e+00,2.965823437499999771e-01,-1.578466230734324682e+00,2.950323097463305663e-02,-1.533945678655308953e+00,6.000000000000000000e+00
4.500021219253540039e+00,2.968773828124999792e-01,-1.598407980976838338e+00,2.950323097463305663e-02,-1.994129382251955018e+00,6.000000000000000000e+00
4.510020971298217773e+00,2.971270312499999511e-01,-1.622951673583008514e+00,2.496546278193415014e-02,-2.454430119518143716e+00,6.000000000000000000e+00
4.520020961761474609e+00,2.973766796874999785e-01,-1.652097308552835209e+00,2.496486755835574528e-02,-2.914566276529670930e+00,6.000000000000000000e+00
4.530021667480468750e+00,2.976490234374999377e-01,-1.685844885886319311e+00,2.723245315405114012e-02,-3.374519587091539208e+00,6.000000000000000000e+00
4.540021181106567383e+00,2.978986718749999651e-01,-1.724194405583460821e+00,2.496605803390751152e-02,-3.835138500841644760e+00,6.000000000000000000e+00
4.550021409988403320e+00,2.981937109374999673e-01,-1.768679848432144652e+00,2.950323097463305663e-02,-4.448442468100466840e+00,6.000000000000000000e+00
4.560021162033081055e+00,2.985568359374999314e-01,-1.814699272068713398e+00,3.631340041008654373e-02,-4.602056474096486660e+00,6.000000000000000000e+00
4.570021390914916992e+00,2.989653515624999813e-01,-1.866854618856825354e+00,4.085062750334277071e-02,-5.215415307428121316e+00,6.000000000000000000e+00
4.580021381378173828e+00,2.995100390624999553e-01,-1.923611908008593829e+00,5.446880194549486021e-02,-5.675734327978902982e+00,6.000000000000000000e+00
4.590021371841430664e+00,3.001908984374999645e-01,-1.984971139524019712e+00,6.808600243187273859e-02,-6.135929003220486067e+00,6.000000000000000000e+00
4.600021362304687500e+00,3.010306249999999406e-01,-2.050932313403102114e+00,8.397273633263953319e-02,-6.596123678461980333e+00,6.000000000000000000e+00
4.610021591186523438e+00,3.020519140624999821e-01,-2.121495429645841924e+00,1.021265687583486070e-01,-7.056150121814527942e+00,6.000000000000000000e+00
4.620022058486938477e+00,3.032774609374999653e-01,-2.195126507464352450e+00,1.225489607819747195e-01,-7.362763719596852496e+00,6.000000000000000000e+00
4.630021333694458008e+00,3.047072656249999456e-01,-2.274893508434406186e+00,1.429908326180237832e-01,-7.977278284136868791e+00,6.000000000000000000e+00
4.640022039413452148e+00,3.063867187499999534e-01,-2.357728470980230639e+00,1.679334611166745928e-01,-8.282911713770126028e+00,6.000000000000000000e+00
4.650021553039550781e+00,3.083158203124999330e-01,-2.445165375889711612e+00,1.929195393528984614e-01,-8.744115781918782915e+00,6.000000000000000000e+00
4.660021543502807617e+00,3.104491796874999654e-01,-2.535670242374965078e+00,2.133361409532016362e-01,-9.050495279750245814e+00,6.000000000000000000e+00
4.670022010803222656e+00,3.128094921874999823e-01,-2.629243070435989260e+00,2.360202207652895567e-01,-9.356845560321039201e+00,6.000000000000000000e+00
4.680021762847900391e+00,3.153513671874999535e-01,-2.727417840860669962e+00,2.541938028706279828e-01,-9.817720478072574863e+00,6.000000000000000000e+00
4.690021753311157227e+00,3.180067187499999726e-01,-2.825592611285350664e+00,2.655354094843020429e-01,-9.817486405152706652e+00,6.000000000000000000e+00
4.700021982192993164e+00,3.207301562499999537e-01,-2.928369324073688773e+00,2.723375166889166477e-01,-1.027743604699069380e+01,6.000000000000000000e+00
4.710022449493408203e+00,3.234535937499999347e-01,-3.029612056074141080e+00,2.723310239599456839e-01,-1.012380011444570549e+01,6.000000000000000000e+00
4.720021963119506836e+00,3.260862499999999664e-01,-3.132388768862479189e+00,2.632784301757262191e-01,-1.027817118225549464e+01,6.000000000000000000e+00
4.730022192001342773e+00,3.285600390624999756e-01,-3.233631500862931496e+00,2.473732443257685987e-01,-1.012404147912514496e+01,6.000000000000000000e+00
4.740022420883178711e+00,3.308068749999999447e-01,-3.333340252075498000e+00,2.246784512683547286e-01,-9.970646911259597900e+00,6.000000000000000000e+00
4.750022411346435547e+00,3.327359765624999799e-01,-3.431515022500179590e+00,1.929103402236403697e-01,-9.817486405152795470e+00,6.000000000000000000e+00
4.760022163391113281e+00,3.343019531249999399e-01,-3.526621831349088687e+00,1.566015392685096708e-01,-9.510916713132774092e+00,6.000000000000000000e+00
4.770022630691528320e+00,3.355274999999999785e-01,-3.617126697834342153e+00,1.225489607819802707e-01,-9.050063738671225266e+00,6.000000000000000000e+00
4.780023097991943359e+00,3.363218359374999800e-01,-3.706097583531708928e+00,7.942988198831817115e-02,-8.896672827846185072e+00,6.000000000000000000e+00
4.790022611618041992e+00,3.367076562499999315e-01,-3.788932546077533381e+00,3.858390787057525140e-02,-8.283899161817831924e+00,6.000000000000000000e+00
4.800022840499877930e+00,3.367303515624999743e-01,-3.868699547047587117e+00,2.269479305745274178e-03,-7.976517529007731255e+00,6.000000000000000000e+00
4.810022115707397461e+00,3.364580078124999596e-01,-3.943864605653983446e+00,-2.723634907010161893e-02,-7.517050690821234227e+00,6.000000000000000000e+00
4.820022583007812500e+00,3.359133203124999301e-01,-4.014427721896723256e+00,-5.446620479199246190e-02,-7.055981897947039450e+00,6.000000000000000000e+00
4.830023527145385742e+00,3.351643749999999589e-01,-4.080388895775805658e+00,-7.488746084344241605e-02,-6.595494682473855619e+00,6.000000000000000000e+00
4.840023279190063477e+00,3.342111718749999349e-01,-4.143282108079116455e+00,-9.532267607648896302e-02,-6.289477181265215933e+00,6.000000000000000000e+00
4.850022792816162109e+00,3.330991015624999441e-01,-4.201573378018770732e+00,-1.112124403328476202e-01,-5.829410521279218216e+00,6.000000000000000000e+00
4.860022544860839844e+00,3.318508593749999736e-01,-4.255262705594768491e+00,-1.248273139096818529e-01,-5.369065886445989477e+00,6.000000000000000000e+00
4.870022535324096680e+00,3.304664453124999679e-01,-4.304350090807108842e+00,-1.384415382781399584e-01,-4.908743202576353326e+00,6.000000000000000000e+00
4.880023002624511719e+00,3.290139453124999447e-01,-4.348835533655792673e+00,-1.452432127786410232e-01,-4.448336413923136945e+00,6.000000000000000000e+00
4.890022754669189453e+00,3.274706640624999721e-01,-4.388719034140819097e+00,-1.543319517428802801e-01,-3.988448944216972603e+00,6.000000000000000000e+00
4.900022745132446289e+00,3.259046874999999566e-01,-4.424000592262189002e+00,-1.565978055933067437e-01,-3.528159176851781709e+00,6.000000000000000000e+00
4.910022974014282227e+00,3.242706249999999790e-01,-4.456214188807787302e+00,-1.634025100133488784e-01,-3.221285925176166742e+00,6.000000000000000000e+00
4.920022964477539062e+00,3.226365624999999460e-01,-4.482291862201843280e+00,-1.634064058364956828e-01,-2.607769826368704358e+00,6.000000000000000000e+00
4.930023193359375000e+00,3.209798046874999811e-01,-4.503767593232242739e+00,-1.656719893190886084e-01,-2.147523950117503411e+00,6.000000000000000000e+00
4.940023899078369141e+00,3.193457421874999480e-01,-4.522175362686870592e+00,-1.633947189243345754e-01,-1.840647047504492040e+00,6.000000000000000000e+00
4.950023412704467773e+00,3.177116796874999705e-01,-4.535981189777841038e+00,-1.634141980401017102e-01,-1.380649860302942455e+00,6.000000000000000000e+00
4.960024118423461914e+00,3.161003124999999803e-01,-4.543651093717269163e+00,-1.611253478281590434e-01,-7.669362697935235840e-01,6.000000000000000000e+00
4.970023632049560547e+00,3.144889453124999346e-01,-4.548253036080925682e+00,-1.611445564006626363e-01,-4.602166201009511570e-01,6.000000000000000000e+00
4.980023622512817383e+00,3.129229687499999746e-01,-4.546719055293040768e+00,-1.565978055933011925e-01,1.533982250804388769e-01,6.000000000000000000e+00
4.990023374557495117e+00,3.113569921874999591e-01,-4.542117112929383360e+00,-1.566015392685152219e-01,4.602056474097019345e-01,6.000000000000000000e+00
5.000023365020751953e+00,3.098591015624999612e-01,-4.532913228202069433e+00,-1.497892053501178045e-01,9.203893504830773509e-01,6.000000000000000000e+00
5.010023355484008789e+00,3.083612109374999632e-01,-4.517573420323213185e+00,-1.497892053501178045e-01,1.533982250805099312e+00,6.000000000000000000e+00
5.020023822784423828e+00,3.069087109374999400e-01,-4.499165650868585331e+00,-1.452432127786410232e-01,1.840690929899235329e+00,6.000000000000000000e+00
5.030023574829101562e+00,3.054335156249999850e-01,-4.476155939050300958e+00,-1.475231891659866401e-01,2.301028237048243330e+00,6.000000000000000000e+00
5.040023326873779297e+00,3.039583203124999744e-01,-4.448544284868359178e+00,-1.475231891659921912e-01,2.761233884457945376e+00,6.000000000000000000e+00
5.050023555755615234e+00,3.024604296874999765e-01,-4.416330688322760878e+00,-1.497856341789050028e-01,3.221285925176166742e+00,6.000000000000000000e+00
5.060023784637451172e+00,3.009398437499999357e-01,-4.379515149413505171e+00,-1.520551134846502839e-01,3.681469628772812364e+00,6.000000000000000000e+00
5.070023536682128906e+00,2.993738671874999757e-01,-4.338097668140592944e+00,-1.566015392685096708e-01,4.141850826686873432e+00,6.000000000000000000e+00
5.080023527145385742e+00,2.977398046874999427e-01,-4.292078244504024198e+00,-1.634064058364956828e-01,4.601946752415297937e+00,6.000000000000000000e+00
5.090024232864379883e+00,2.960376562499999475e-01,-4.242990859291683847e+00,-1.702028322128446014e-01,4.908392126678585932e+00,6.000000000000000000e+00
5.100023746490478516e+00,2.942220312499999602e-01,-4.189301531715686089e+00,-1.815713311556698129e-01,5.369193901178267225e+00,6.000000000000000000e+00
5.110023975372314453e+00,2.922929296874999805e-01,-4.129476280988146009e+00,-1.929057409879819385e-01,5.982388146755775793e+00,6.000000000000000000e+00
5.120023727416992188e+00,2.902049609374999783e-01,-4.068117049472720126e+00,-2.088020523580184362e-01,6.136075298795404365e+00,6.000000000000000000e+00
5.130023956298828125e+00,2.879808203124999411e-01,-4.000621894805751921e+00,-2.224089719626205497e-01,6.749360986083430269e+00,-2.047380704573059429e+00
5.140024185180664062e+00,2.856205078124999797e-01,-3.930058778563013000e+00,-2.360258477970589019e-01,7.056150121814439125e+00,-6.000000000000000000e+00
5.150023937225341797e+00,2.830559374999999656e-01,-3.854893719956616671e+00,-2.564633903962629247e-01,7.516692241024331977e+00,-6.000000000000000000e+00
5.160023927688598633e+00,2.803551953124999718e-01,-3.776660699774448737e+00,-2.700744763130909498e-01,7.823309479106113073e+00,-6.000000000000000000e+00
5.170023918151855469e+00,2.775182812499999430e-01,-3.695359718016509198e+00,-2.836916767994688282e-01,8.130105929267168463e+00,-6.000000000000000000e+00
